name,team,position,cost,status,minutes,total_points,bonus,points_per_game,selected_by_percent
Mustafi,ARS,DEF,5.1,Doubtful,350,13,1,2.6,0.3
Bellerín,ARS,DEF,5.4,Available,352,9,1,2.2,0.4
Kolasinac,ARS,DEF,5.2,Injured,1086,34,1,2.1,0.5
Maitland-Niles,ARS,DEF,4.6,Available,1210,36,3,2.6,2.6
Sokratis,ARS,DEF,4.9,Available,1606,52,5,2.9,1.4
Monreal,ARS,DEF,5,NotAvail,270,10,1,3.3,0.2
Koscielny,ARS,DEF,5,NotAvail,0,0,0,0,0.1
Mavropanos,ARS,DEF,4.4,NotAvail,0,0,0,0,0
Jenkinson,ARS,DEF,4.5,NotAvail,0,0,0,0,0
Holding,ARS,DEF,4.5,Available,85,2,0,1,0.1
Aubameyang,ARS,FWD,10.7,Available,1943,127,24,5.8,14.4
Lacazette,ARS,FWD,9.3,Available,1187,60,6,3.5,2.2
Nketiah,ARS,FWD,4.3,Available,16,1,0,1,0.6
Leno,ARS,GKP,5,Available,2160,82,5,3.4,5.2
Özil,ARS,MID,7.2,Available,1118,35,1,2.5,1.1
Mkhitaryan,ARS,MID,6.8,NotAvail,110,4,0,1.3,0.8
Xhaka,ARS,MID,5.1,Available,1544,38,0,2.1,0.6
Torreira,ARS,MID,4.7,Available,1298,42,0,2,1.2
Elneny,ARS,MID,4.3,NotAvail,0,0,0,0,0.6
Guendouzi,ARS,MID,4.3,Available,1490,40,2,2,5.8
David Luiz,ARS,DEF,5.7,Available,1825,53,6,2.5,4.8
Martínez,ARS,GKP,4.3,Available,0,0,0,0,0.2
Chambers,ARS,DEF,4.4,Injured,1102,42,5,3,0.7
Ceballos,ARS,MID,5.2,Available,659,27,3,2.5,3
Pépé,ARS,MID,9.1,Available,1339,63,5,3,2.4
Nelson,ARS,MID,5.3,Injured,437,18,0,1.8,0.1
Willock,ARS,MID,4.8,Available,545,21,0,1.2,0.2
Martinelli,ARS,FWD,4.5,Available,566,37,5,2.8,2.9
Tierney,ARS,DEF,5.3,Injured,296,5,0,1,0.3
Saka,ARS,MID,4.5,Available,875,27,0,1.9,0.6
Smith Rowe,ARS,MID,4.3,NotAvail,96,4,0,2,0
John-Jules,ARS,FWD,4.5,NotAvail,0,0,0,0,0
El Mohamady,AVL,DEF,4.2,Available,701,19,5,1.7,0.9
Chester,AVL,DEF,4.3,Available,0,0,0,0,0.1
Taylor,AVL,DEF,4.3,Available,793,17,0,1.7,0.2
Hause,AVL,DEF,4.4,Available,720,13,0,1.6,0.1
Kodjia,AVL,FWD,5.4,NotAvail,111,5,0,0.8,0.1
Nyland,AVL,GKP,4.3,Available,177,3,0,1,0.2
Hourihane,AVL,MID,5.7,Available,843,50,6,3.1,0.2
Grealish,AVL,MID,6.7,Available,1973,107,14,4.9,24.7
El Ghazi,AVL,MID,5.5,Available,1493,71,0,3.4,1
McGinn,AVL,MID,5.4,Injured,1537,61,4,3.4,2.9
Green,AVL,MID,4.8,NotAvail,0,0,0,0,0
Bjarnason,AVL,MID,4.5,NotAvail,0,0,0,0,0
Davis,AVL,MID,4.3,Available,74,6,0,1,0.2
Lansbury,AVL,MID,4.4,Available,189,11,0,1.2,0.4
Jota,AVL,MID,5.8,Available,310,15,0,1.9,0.1
Heaton,AVL,GKP,4.4,Injured,1794,59,3,3,3.1
Drinkwater,AVL,MID,4.4,Available,258,5,0,1.2,0.6
Targett,AVL,DEF,4.4,Available,1328,57,10,3.6,0.9
Wesley,AVL,FWD,5.5,Injured,1782,67,7,3.2,0.9
Steer,AVL,GKP,4.3,Injured,7,1,0,1,0.1
Mings,AVL,DEF,4.5,Available,1732,55,5,2.8,2.8
Konsa,AVL,DEF,4.3,Available,1005,29,1,2.4,0.1
Engels,AVL,DEF,4.4,Available,1221,34,4,2.4,0.5
Guilbert,AVL,DEF,4.4,Available,1538,47,2,2.5,0.6
Trézéguet,AVL,MID,5.2,Available,1223,54,2,2.6,1.1
Douglas Luiz,AVL,MID,4.4,Available,1351,64,5,2.9,3.9
Kalinic,AVL,GKP,4.3,NotAvail,0,0,0,0,0.1
Nakamba,AVL,MID,4.4,Available,1347,29,0,1.7,0.8
Vassilev,AVL,MID,4.5,Available,36,2,0,1,0
Reina,AVL,GKP,4.5,Available,180,4,0,2,0.3
Samatta,AVL,FWD,6,Available,0,0,0,0,0
Steve Cook,BOU,DEF,5,Available,1650,44,5,2.3,0.2
Aké,BOU,DEF,4.8,Available,1654,55,5,2.9,6.4
Daniels,BOU,DEF,4.3,Injured,126,3,0,1.5,0.1
Mepham,BOU,DEF,4.3,Injured,901,26,2,2.4,0.7
Francis,BOU,DEF,4.4,Available,694,14,1,1.2,0
Adam Smith,BOU,DEF,4.3,Available,1107,35,3,2.7,0.4
Kelly,BOU,DEF,4.4,Available,0,0,0,0,0
Rico,BOU,DEF,4.3,Available,1613,58,5,3.1,11.6
Simpson,BOU,DEF,4,Available,167,3,0,1,7.4
Callum Wilson,BOU,FWD,7.4,Available,1896,78,6,3.4,4.8
King,BOU,FWD,6.1,Injured,1307,58,6,3.6,3.3
Solanke,BOU,FWD,5.2,Available,1136,38,0,1.8,0.3
Surridge,BOU,FWD,4.3,Available,15,1,0,1,0.5
Begovic,BOU,GKP,4.2,NotAvail,0,0,0,0,0.8
Boruc,BOU,GKP,4.3,Available,0,0,0,0,0.2
Travers,BOU,GKP,4.2,Available,90,1,0,1,0.2
Fraser,BOU,MID,6.9,Available,1688,58,2,2.5,2.7
Brooks,BOU,MID,6.3,Injured,0,0,0,0,0.1
Stanislas,BOU,MID,5.9,Injured,106,3,0,1.5,0
Ibe,BOU,MID,4.6,Available,48,2,0,1,0.1
Lewis Cook,BOU,MID,5,Available,830,28,0,1.6,0
Surman,BOU,MID,4.7,Available,57,3,0,1,0
Gosling,BOU,MID,4.9,Available,610,28,1,2.5,0.1
Lerma,BOU,MID,4.8,Available,1723,38,2,1.8,0.1
Stacey,BOU,DEF,4.3,Injured,796,23,3,2.6,0.1
Billing,BOU,MID,5,Available,1712,42,2,1.9,0.1
Danjuma,BOU,MID,5.8,Injured,405,18,0,2,0
Ramsdale,BOU,GKP,4.7,Available,2070,84,10,3.7,4.3
Harry Wilson,BOU,MID,5.8,Available,1198,75,7,3.8,2.1
Saydee,BOU,MID,4.5,Available,0,0,0,0,0
Kilkenny,BOU,MID,4.5,Available,0,0,0,0,0
Dobre,BOU,MID,4.5,Available,0,0,0,0,0
Duffy,BHA,DEF,4.8,Available,891,31,0,2.4,1
Montoya,BHA,DEF,4.4,Available,1465,53,3,2.6,0.7
Bernardo,BHA,DEF,4.3,Available,450,16,3,2,0.1
Balogun,BHA,DEF,4.4,Available,0,0,0,0,0.1
Bong,BHA,DEF,4.2,Available,57,3,0,0.8,0.1
Dunk,BHA,DEF,4.8,Available,1980,78,11,3.5,14.6
Clarke,BHA,DEF,4.4,NotAvail,0,0,0,0,0
Murray,BHA,FWD,5.4,Available,423,18,0,1.2,0.7
Locadia,BHA,FWD,5.2,NotAvail,85,3,0,1.5,0.1
Andone,BHA,FWD,4.7,NotAvail,71,5,1,1.7,0.4
Ryan,BHA,GKP,4.9,Available,2160,87,11,3.6,17.2
Button,BHA,GKP,3.9,Available,0,0,0,0,20.4
Groß,BHA,MID,6.3,Available,1335,58,5,2.8,0.5
Jahanbakhsh,BHA,MID,5.8,Available,247,20,2,4,0.1
Izquierdo,BHA,MID,5.4,Injured,0,0,0,0,0
Knockaert,BHA,MID,5.4,NotAvail,0,0,0,0,0
Bissouma,BHA,MID,5,Available,402,13,0,1.3,0
Pröpper,BHA,MID,4.8,Available,1890,49,0,2.3,0.3
March,BHA,MID,4.6,Available,628,22,3,2.4,0.2
Kayal,BHA,MID,4.3,Doubtful,0,0,0,0,0.2
Stephens,BHA,MID,4.4,Available,1849,46,1,2.1,2
Trossard,BHA,MID,5.8,Available,1072,65,6,3.6,0.6
Burn,BHA,DEF,4.5,Injured,1821,47,0,2.2,0.2
Webster,BHA,DEF,4.4,Available,1655,53,5,2.8,0.7
Maupay,BHA,FWD,5.9,Available,1806,87,12,3.6,2.6
Mooy,BHA,MID,4.8,Available,1222,53,9,3.1,0.7
Connolly,BHA,FWD,4.3,Available,812,40,3,2.5,1.2
Baluta,BHA,DEF,4,NotAvail,0,0,0,0,0.2
Alzate,BHA,MID,4.5,Available,1144,31,0,1.8,0.1
Schelotto,BHA,DEF,4,Available,123,4,0,1,0.5
Mee,BUR,DEF,5,Available,2160,68,1,2.8,0.8
Tarkowski,BUR,DEF,5.1,Available,2160,81,9,3.4,3.3
Lowton,BUR,DEF,4.2,Available,1260,35,0,2.5,0.4
Bardsley,BUR,DEF,4.3,Doubtful,900,29,0,2.9,0.2
Taylor,BUR,DEF,4.2,Available,925,33,1,2.8,0.8
Long,BUR,DEF,4.3,Available,2,1,0,1,0.1
Gibson,BUR,DEF,3.9,Doubtful,0,0,0,0,2.7
Barnes,BUR,FWD,6.2,Injured,1350,61,6,3.2,2.3
Wood,BUR,FWD,6.2,Available,1828,96,13,4.4,1.3
Vydra,BUR,FWD,5.3,Available,100,9,0,1.5,0.1
Pope,BUR,GKP,4.6,Available,2160,99,12,4.1,13.5
Hart,BUR,GKP,4.2,Available,0,0,0,0,1.1
Gudmundsson,BUR,MID,5.9,Doubtful,398,20,1,2.9,0.4
McNeil,BUR,MID,6,Available,2079,73,1,3,0.5
Brady,BUR,MID,5.5,Available,394,28,0,2.2,0
Defour,BUR,MID,5.5,NotAvail,0,0,0,0,0
Hendrick,BUR,MID,5.4,Available,1482,54,4,2.8,0.1
Westwood,BUR,MID,5.4,Available,1890,72,7,3.4,0.4
Cork,BUR,MID,4.9,Available,1915,50,0,2.3,0.2
Lennon,BUR,MID,4.6,Available,476,14,0,1,0.1
Pieters,BUR,DEF,4.3,Available,1233,42,7,2.8,4.5
Rodriguez,BUR,FWD,5.7,Available,949,48,3,2.1,0.2
Peacock-Farrell,BUR,GKP,4.4,Available,0,0,0,0,0.1
Goodridge,BUR,MID,4.5,Available,0,0,0,0,0
Driscoll-Glennon,BUR,DEF,4,NotAvail,0,0,0,0,0
Koiki,BUR,DEF,4,Available,0,0,0,0,0
Alonso,CHE,DEF,6,Available,588,47,5,5.9,2.1
Rüdiger,CHE,DEF,6,Available,765,21,0,2.3,0.3
Azpilicueta,CHE,DEF,5.8,Available,1969,77,7,3.5,5.9
Emerson,CHE,DEF,5.5,Available,1020,18,0,1.3,0.8
Christensen,CHE,DEF,4.9,Available,941,19,0,1.7,0.6
Zappacosta,CHE,DEF,4.3,NotAvail,0,0,0,0,0.2
Giroud,CHE,FWD,6.6,Doubtful,190,7,0,1.4,1
Kepa,CHE,GKP,5.5,Available,2160,63,0,2.6,4.8
Caballero,CHE,GKP,4.8,Available,0,0,0,0,0.2
Willian,CHE,MID,7.2,Available,1708,96,14,4.2,5.8
Pedro,CHE,MID,6.8,Available,310,10,0,2,1.1
Loftus-Cheek,CHE,MID,6.3,Injured,0,0,0,0,0.1
Hudson-Odoi,CHE,MID,5.3,Available,678,43,3,2.7,0.8
Barkley,CHE,MID,5.6,Available,471,14,0,1.6,1.2
Jorginho,CHE,MID,4.9,Available,1693,75,9,3.4,4
Kanté,CHE,MID,5,Available,1282,46,2,2.9,4.1
Ampadu,CHE,MID,4.4,NotAvail,0,0,0,0,0
Pulisic,CHE,MID,6.9,Injured,1069,70,5,4.4,3.8
Kovacic,CHE,MID,5.3,Available,1392,50,4,2.4,0.9
Zouma,CHE,DEF,4.7,Available,1668,37,1,1.9,1.7
Abraham,CHE,FWD,7.7,Doubtful,1829,128,20,5.6,27.7
Batshuayi,CHE,FWD,6.6,Available,139,25,1,1.8,0.5
Kenedy,CHE,MID,5.2,NotAvail,0,0,0,0,0
Mount,CHE,MID,6.1,Available,1889,89,6,3.7,15.5
James,CHE,DEF,5,Doubtful,675,39,5,3.2,0.6
Tomori,CHE,DEF,4.5,Available,1228,47,7,3.4,2.4
Gilmour,CHE,MID,4.5,Available,9,2,0,1,0
Guehi,CHE,DEF,4,NotAvail,0,0,0,0,0.1
Lamptey,CHE,DEF,4,Available,31,1,0,1,0.1
van Aanholt,CRY,DEF,5.5,Injured,1442,55,3,3.2,4.2
Tomkins,CRY,DEF,5,Available,1432,46,4,2.9,0.7
Sakho,CRY,DEF,5,Injured,465,7,0,0.9,0.1
Ward,CRY,DEF,4.3,Available,1132,40,5,2.7,1
Dann,CRY,DEF,4.3,Available,335,15,0,3,0.1
Kelly,CRY,DEF,4.4,Available,1547,64,4,3.4,28.8
Benteke,CRY,FWD,5.7,Injured,486,17,0,1.1,0.5
Wickham,CRY,FWD,4.4,Available,90,15,2,2.5,2.1
Guaita,CRY,GKP,5.1,Available,1980,86,10,3.9,2.4
Hennessey,CRY,GKP,4.3,Available,180,6,0,3,0.6
Zaha,CRY,MID,6.8,Available,2095,80,4,3.3,9.8
Milivojevic,CRY,MID,6.7,Available,1785,58,7,2.9,1.9
Townsend,CRY,MID,5.6,Injured,778,33,0,2.4,1
Meyer,CRY,MID,5.2,Available,509,16,0,1.5,0.1
Schlupp,CRY,MID,5.4,Injured,856,40,3,2.9,0.1
McArthur,CRY,MID,5.2,Available,2002,60,2,2.6,0.6
Kouyaté,CRY,MID,4.9,Available,1698,62,4,2.8,0.3
Dreher,CRY,MID,4.3,Available,0,0,0,0,0.1
Tosun,CRY,FWD,5.7,Available,458,22,1,2.8,0.3
McCarthy,CRY,MID,4.3,Available,799,22,0,1.2,0.7
Ayew,CRY,FWD,5,Available,1932,86,17,3.7,8
Cahill,CRY,DEF,4.4,Available,1350,38,3,2.5,1.2
Camarasa,CRY,MID,4.5,NotAvail,5,1,0,1,0.2
Riedewald,CRY,MID,4.5,Available,562,13,0,1.6,0
Henderson,CRY,GKP,4,Available,0,0,0,0,0.4
Woods,CRY,DEF,4,NotAvail,0,0,0,0,0.1
Mitchell,CRY,DEF,4,Available,0,0,0,0,0
Pierrick,CRY,MID,4.5,Available,7,1,0,1,0
Daly,CRY,FWD,4.5,Available,0,0,0,0,0
Kirby,CRY,MID,4.5,Available,0,0,0,0,0
McGregor,CRY,MID,4.5,Available,0,0,0,0,0
Iwobi,EVE,MID,5.6,Injured,1039,35,2,2.2,0.9
Digne,EVE,DEF,5.8,Available,1971,80,12,3.5,13
Mina,EVE,DEF,5.3,Available,1815,52,5,2.4,2
Keane,EVE,DEF,5.2,Available,1459,50,3,2.8,2
Coleman,EVE,DEF,5.3,Available,1072,31,2,1.9,1.1
Baines,EVE,DEF,4.9,Available,152,8,0,2.7,0.2
Calvert-Lewin,EVE,FWD,6.1,Available,1487,83,11,3.8,10.9
Pickford,EVE,GKP,5.3,Available,2160,75,3,3.1,7.2
Stekelenburg,EVE,GKP,4,Available,0,0,0,0,7.5
Richarlison,EVE,MID,8.1,Injured,1902,108,10,4.9,7.1
Sigurdsson,EVE,MID,7.3,Injured,1571,55,2,2.6,2.4
Bernard,EVE,MID,6.4,Available,850,49,5,3.3,0.7
Walcott,EVE,MID,6.2,Available,836,34,0,2,0.4
Davies,EVE,MID,5.3,Available,1193,39,3,2.2,0.2
Lookman,EVE,MID,5,NotAvail,0,0,0,0,0
Gueye,EVE,MID,5,NotAvail,0,0,0,0,0
Schneiderlin,EVE,MID,4.4,Available,827,15,0,1.2,0.6
Delph,EVE,DEF,5.3,Available,1036,25,2,1.8,0.2
André Gomes,EVE,MID,5.2,Injured,584,13,0,1.6,0.3
Gibson,EVE,DEF,4.3,Available,0,0,0,0,0.1
Holgate,EVE,DEF,4.5,Available,1368,49,5,2.9,2.6
Lössl,EVE,GKP,4.3,Available,0,0,0,0,0.3
Kean,EVE,FWD,6.4,Available,597,33,3,1.8,1.4
Gbamin,EVE,MID,4.8,Injured,135,4,0,2,0
Sidibé,EVE,DEF,5.4,Available,1242,59,9,3.7,2.1
Baningime,EVE,MID,4.5,Available,0,0,0,0,0
Gordon,EVE,FWD,4.5,Available,45,1,0,1,0
Niasse,EVE,FWD,4.5,Available,19,3,0,1,0
Cuco Martina,EVE,DEF,4,Available,0,0,0,0,0
Pereira,LEI,DEF,6.3,Available,2070,106,11,4.6,13.3
Chilwell,LEI,DEF,5.6,Available,1699,78,3,4.1,9.2
Evans,LEI,DEF,5.3,Available,2124,90,7,3.8,6.5
Fuchs,LEI,DEF,4.3,Available,544,22,2,3.1,0.4
Söyüncü,LEI,DEF,5,Available,2070,85,8,3.7,17.5
Morgan,LEI,DEF,4.1,Doubtful,159,8,0,1.1,0.6
Vardy,LEI,FWD,9.9,Available,1932,150,25,6.8,42.2
Iheanacho,LEI,FWD,5.7,Available,376,39,5,4.9,0.4
Schmeichel,LEI,GKP,5.4,Available,2160,91,3,3.8,15.1
Jakupovic,LEI,GKP,4.3,Available,0,0,0,0,0.1
Ward,LEI,GKP,4.3,Available,0,0,0,0,0.2
Maddison,LEI,MID,7.6,Available,1949,109,14,4.7,24.1
Barnes,LEI,MID,5.9,Available,1300,80,5,3.6,0.8
Ghezzal,LEI,MID,5.2,NotAvail,0,0,0,0,0
Albrighton,LEI,MID,5.1,Available,352,15,0,1.4,0.2
Gray,LEI,MID,5.1,Available,409,24,0,1.7,0.3
Ndidi,LEI,MID,5,Available,1786,63,5,3,1.9
James,LEI,MID,4.3,Injured,0,0,0,0,0.1
Amartey,LEI,MID,4.3,Injured,0,0,0,0,0.3
Mendy,LEI,MID,4.3,Injured,193,6,0,1.5,1
Choudhury,LEI,MID,4.3,Available,546,25,0,1.9,0.9
Pérez,LEI,MID,6.2,Available,1343,102,9,4.9,7.9
Justin,LEI,DEF,4.8,Available,110,7,0,2.3,0.1
Tielemans,LEI,MID,6.2,Available,1874,79,4,3.4,4.4
King,LEI,MID,4.3,NotAvail,0,0,0,0,0.3
Praet,LEI,MID,5.3,Available,705,41,3,2.6,0.1
Benkovic,LEI,DEF,4,Available,0,0,0,0,0
Robertson,LIV,DEF,7,Available,2083,117,12,4.9,20.8
Alexander-Arnold,LIV,DEF,7.6,Available,2099,140,14,5.8,42.3
van Dijk,LIV,DEF,6.5,Available,2160,121,11,5,43.7
Gomez,LIV,DEF,5.2,Available,917,59,5,3.9,4.6
Matip,LIV,DEF,5.2,Available,630,32,4,4.6,1.2
Lovren,LIV,DEF,5.3,Available,669,16,0,2,0.2
Firmino,LIV,FWD,9.6,Available,1972,111,18,4.6,17.1
Origi,LIV,FWD,5.2,Available,487,50,6,2.5,2.6
Alisson,LIV,GKP,6.1,Available,1373,73,5,4.6,10.9
Mignolet,LIV,GKP,4.5,NotAvail,0,0,0,0,0
Salah,LIV,MID,12.5,Available,1793,149,18,7.1,34.4
Mané,LIV,MID,12.3,Doubtful,1777,147,18,6.7,34.3
Chamberlain,LIV,MID,6.2,Available,785,42,2,2.6,0.5
Shaqiri,LIV,MID,6.3,Doubtful,174,14,0,2.3,0.2
Lallana,LIV,MID,5.8,Doubtful,334,24,1,2,0.1
Keita,LIV,MID,5.8,Available,209,21,3,3.5,0.2
Fabinho,LIV,MID,5.4,Available,1054,35,4,2.3,1
Henderson,LIV,MID,5.4,Available,1706,79,6,3.4,1.5
Wijnaldum,LIV,MID,5.4,Available,1942,68,3,3,2.4
Milner,LIV,MID,5.3,Doubtful,662,42,3,2.6,0.5
Camacho,LIV,MID,4.5,NotAvail,0,0,0,0,0
Brewster,LIV,FWD,4.2,NotAvail,0,0,0,0,0.5
Adrián,LIV,GKP,4.1,Available,783,25,0,2.5,1.9
Lonergan,LIV,GKP,4.2,Available,0,0,0,0,0
Kelleher,LIV,GKP,4.4,Available,0,0,0,0,0
Elliott,LIV,MID,4.5,Available,1,1,0,1,0
Jones,LIV,MID,4.5,Available,19,2,0,1,0
Williams,LIV,DEF,4,Available,0,0,0,0,0
Phillips,LIV,DEF,4,NotAvail,0,0,0,0,0
Minamino,LIV,MID,6.5,Available,57,1,0,1,0.1
Laporte,MCI,DEF,6.3,Doubtful,383,15,0,3,2.1
Walker,MCI,DEF,5.7,Available,1537,60,3,3.3,10.7
Mendy,MCI,DEF,5.5,Doubtful,921,36,2,3.3,1
Zinchenko,MCI,DEF,5.2,Available,770,32,1,3.2,2.4
Stones,MCI,DEF,5.3,Available,879,23,0,2.1,1
Otamendi,MCI,DEF,5,Available,1111,56,5,3.7,2.1
Danilo,MCI,DEF,5,NotAvail,0,0,0,0,0
Agüero,MCI,FWD,12,Available,1107,119,14,6.6,22.4
Jesus,MCI,FWD,9.5,Available,1181,88,8,4.4,3
Ederson,MCI,GKP,6,Available,1811,66,2,3.1,11.5
Bravo,MCI,GKP,4.8,Available,346,11,0,2.8,0.3
Sterling,MCI,MID,11.7,Available,1845,115,9,5.2,18.9
De Bruyne,MCI,MID,10.6,Available,1890,159,20,6.9,52.3
Sané,MCI,MID,9.3,Injured,0,0,0,0,0.2
Mahrez,MCI,MID,8.5,Available,1190,110,12,5.5,9
Bernardo Silva,MCI,MID,7.8,Available,1247,75,5,3.8,8.5
David Silva,MCI,MID,7.4,Available,1168,87,8,4.8,4.5
Foden,MCI,MID,5.1,Available,258,16,0,1.3,0.3
Fernandinho,MCI,MID,5.2,Doubtful,1725,38,1,1.9,0.7
Gündogan,MCI,MID,5.2,Available,1304,46,4,2.2,1.2
Angeliño,MCI,DEF,4.7,Available,422,11,1,1.8,0.2
Rodrigo,MCI,MID,5.4,Available,1593,58,3,2.6,1
Cancelo,MCI,DEF,5.2,Available,667,24,3,2.7,0.8
Garcia,MCI,DEF,4.5,Available,269,11,0,1.8,0.1
Carson,MCI,GKP,4,Available,0,0,0,0,0.1
Wan-Bissaka,MUN,DEF,5.3,Available,1880,51,6,2.4,13.7
Maguire,MUN,DEF,5.2,Available,2160,56,2,2.3,9.6
Smalling,MUN,DEF,5.2,NotAvail,0,0,0,0,0.1
Young,MUN,DEF,5.4,NotAvail,953,24,0,2,0.3
Lindelöf,MUN,DEF,5.3,Available,1980,58,4,2.6,1.2
Shaw,MUN,DEF,5.4,Available,783,20,0,1.5,0.6
Rojo,MUN,DEF,4.8,Injured,121,3,0,1,0.1
Bailly,MUN,DEF,4.9,Available,0,0,0,0,0
Dalot,MUN,DEF,4.9,Available,62,2,0,1,0.1
Darmian,MUN,DEF,4.9,NotAvail,0,0,0,0,0
Jones,MUN,DEF,4.8,Available,135,2,0,1,0.2
Lukaku,MUN,FWD,8.5,NotAvail,0,0,0,0,0.3
Rashford,MUN,FWD,8.9,Injured,1876,134,26,6.1,12.4
Greenwood,MUN,FWD,4.4,Available,476,42,5,2.2,13
de Gea,MUN,GKP,5.4,Available,2160,72,5,3,11.5
Romero,MUN,GKP,4.7,Available,0,0,0,0,0.2
Grant,MUN,GKP,4.8,Available,0,0,0,0,0.1
Pogba,MUN,MID,8.3,Injured,521,17,0,2.4,2.9
Martial,MUN,MID,7.9,Available,1451,93,7,5.2,13.6
Sánchez,MUN,MID,6.8,NotAvail,0,0,0,0,0.4
Lingard,MUN,MID,6.3,Available,880,24,0,1.3,0.7
Mata,MUN,MID,6.2,Available,622,32,2,2.1,0.4
James,MUN,MID,6,Available,1820,77,2,3.3,7.1
Fred,MUN,MID,5.3,Available,1588,35,0,1.8,0.3
Gomes,MUN,MID,4.8,Available,19,2,0,1,0.1
Pereira,MUN,MID,4.9,Available,1361,54,1,2.6,0.5
Matic,MUN,MID,4.8,Suspended,598,17,0,2.1,0.3
McTominay,MUN,MID,4.9,Injured,1451,55,6,3.2,1
Chong,MUN,MID,4.3,Available,24,2,0,1,0.7
Garner,MUN,MID,4.3,Available,8,1,0,1,0.2
Tuanzebe,MUN,DEF,4.4,Injured,187,7,0,1.4,0.1
Williams,MUN,DEF,4.1,Available,590,27,1,3,5.1
Ritchie,NEW,DEF,5.3,Available,438,15,0,3,0.2
Schär,NEW,DEF,5,Available,1297,51,2,3.2,1.3
Yedlin,NEW,DEF,4.4,Available,719,23,0,2.1,0.1
Fernández,NEW,DEF,4.4,Available,1373,58,7,3.2,0.8
Dummett,NEW,DEF,4.4,Injured,1227,44,4,2.8,0.2
Manquillo,NEW,DEF,4.3,Injured,800,32,4,2.9,0.2
Lejeune,NEW,DEF,4.4,Doubtful,440,24,1,4,0
Lascelles,NEW,DEF,4.2,Available,1180,45,3,3.2,2.7
Clark,NEW,DEF,4.3,Available,1014,42,2,3.5,0.3
Muto,NEW,FWD,5.1,Injured,201,8,0,1.1,0.1
Joselu,NEW,FWD,5,NotAvail,0,0,0,0,0
Dubravka,NEW,GKP,5,Available,2160,92,6,3.8,1.6
Darlow,NEW,GKP,4.3,Available,0,0,0,0,0.1
Woodman,NEW,GKP,4,NotAvail,0,0,0,0,0.8
Almirón,NEW,MID,5.8,Available,1940,67,5,2.9,0.7
Atsu,NEW,MID,5.3,Available,732,36,0,2,0.1
Ki Sung-yueng,NEW,MID,4.7,Injured,135,4,0,1.3,0
Shelvey,NEW,MID,5,Available,1159,64,9,4.3,0.9
Longstaff,NEW,MID,5,Available,1073,32,0,1.9,0.3
Hayden,NEW,MID,4.3,Available,1725,53,2,2.6,4.4
Joelinton,NEW,FWD,5.5,Available,1845,54,3,2.2,0.9
Colback,NEW,MID,4.4,NotAvail,0,0,0,0,0.1
Murphy,NEW,MID,4.8,NotAvail,0,0,0,0,0
Willems,NEW,DEF,4.5,Injured,1492,64,6,3.4,1.4
Aarons,NEW,MID,4.8,Available,0,0,0,0,0
Saint-Maximin,NEW,MID,5.4,Available,905,37,0,2.8,0.3
Krafth,NEW,DEF,4.3,Injured,561,21,0,1.9,0.1
Carroll,NEW,FWD,5.4,Doubtful,507,25,0,1.9,0.1
Matthew Longstaff,NEW,MID,4.5,Available,544,25,2,3.6,0.2
Gayle,NEW,FWD,5,Injured,178,12,0,1.3,0
Elliot,NEW,GKP,4,Available,0,0,0,0,0.1
Allan,NEW,MID,4.5,Available,0,0,0,0,0
Watts,NEW,DEF,4,NotAvail,0,0,0,0,0
Gibson,NEW,DEF,4,Available,0,0,0,0,0
Bentaleb,NEW,MID,5,Available,0,0,0,0,0
Lazaro,NEW,MID,5.5,Available,0,0,0,0,0
Klose,NOR,DEF,4.3,Injured,0,0,0,0,0
Godfrey,NOR,DEF,4.4,Suspended,1564,24,0,1.3,0.1
Aarons,NOR,DEF,4.3,Available,1980,37,1,1.7,1.1
Zimmermann,NOR,DEF,4.4,Available,1115,27,1,2.1,0
Lewis,NOR,DEF,4.4,Available,1162,21,0,1.4,0.2
Hanley,NOR,DEF,4,Available,811,7,0,0.7,2
Pukki,NOR,FWD,6.5,Available,2041,117,21,5.1,13.4
Srbeny,NOR,FWD,5.2,NotAvail,41,13,1,1.6,0
Krul,NOR,GKP,4.5,Available,1980,66,7,3,2.2
McGovern,NOR,GKP,4,Available,158,11,2,5.5,6.8
Vrancic,NOR,MID,6.2,Available,352,18,1,1.8,0.1
Buendía,NOR,MID,6,Doubtful,1772,73,10,3.2,0.8
Hernández,NOR,MID,5.3,Available,752,32,0,2,0.1
Stiepermann,NOR,MID,5.1,Available,919,24,0,1.4,0.1
McLean,NOR,MID,4.9,Available,1838,50,0,2.2,0.2
Cantwell,NOR,MID,5,Doubtful,1716,90,10,3.8,23
Leitner,NOR,MID,4.3,Available,683,16,0,1.8,0.2
Tettey,NOR,MID,4.5,Available,1369,43,3,2.4,0.3
Trybull,NOR,MID,4.4,Available,1022,25,0,1.8,0.6
Drmic,NOR,FWD,5.3,Available,124,14,0,1.4,0.1
Roberts,NOR,MID,5.1,NotAvail,24,3,0,1,0
Fahrmann,NOR,GKP,4.4,Available,21,1,0,1,0.3
Byram,NOR,DEF,4.4,Available,1176,25,2,1.7,0.1
Heise,NOR,DEF,3.9,NotAvail,0,0,0,0,0.7
Amadou,NOR,MID,4.5,Doubtful,756,18,0,1.6,0.1
Idah,NOR,FWD,4.4,Available,65,3,0,1.5,0.1
Mair,NOR,GKP,4,Available,0,0,0,0,0.1
Famewo,NOR,DEF,4,NotAvail,0,0,0,0,0.1
Duda,NOR,MID,5,Available,167,8,0,4,0.1
Rupp,NOR,MID,4.5,Available,86,3,0,1.5,0
Mousset,SHU,FWD,4.7,Available,967,67,9,3.2,2.7
Stevens,SHU,DEF,5.1,Available,2160,90,8,3.8,2.3
Freeman,SHU,DEF,4.2,Available,0,0,0,0,0.1
O'Connell,SHU,DEF,4.6,Available,2160,79,5,3.3,2.6
Baldock,SHU,DEF,5.1,Available,2160,100,7,4.2,11
Egan,SHU,DEF,4.5,Available,2058,74,3,3.2,1.2
Stearman,SHU,DEF,3.9,NotAvail,0,0,0,0,2.3
Lundstram,SHU,DEF,5.1,Available,1915,107,12,4.7,46.7
Sharp,SHU,FWD,5.6,Available,381,18,3,1.3,0.3
Eastwood,SHU,GKP,4.3,Available,0,0,0,0,0.1
Duffy,SHU,MID,5.2,NotAvail,0,0,0,0,0
Fleck,SHU,MID,5,Available,1828,85,13,4,5.3
Norwood,SHU,MID,4.9,Available,2013,62,4,2.6,0.3
McGoldrick,SHU,FWD,5.4,Doubtful,1314,40,3,2.1,0.2
Basham,SHU,DEF,4.5,Available,2072,72,2,3,0.8
Moore,SHU,GKP,4.3,Available,90,1,0,1,0.1
Freeman,SHU,MID,5.1,Available,322,11,0,1.2,0.1
Jagielka,SHU,DEF,4.2,Available,128,4,0,1,0.4
Callum Robinson,SHU,MID,5,NotAvail,669,33,1,2.1,0.3
Morrison,SHU,MID,4.6,Available,12,1,0,1,0.1
Henderson,SHU,GKP,5,Available,2070,101,8,4.4,12.4
Osborn,SHU,MID,4.7,Available,51,4,0,1,0
McBurnie,SHU,FWD,5.7,Available,1069,50,4,2.3,0.2
Verrips,SHU,GKP,4.4,Available,0,0,0,0,0
Bešić,SHU,MID,4.4,Available,243,9,0,1,0.1
Clarke,SHU,FWD,4.5,Available,13,1,0,1,0.1
Rodwell,SHU,MID,4.5,Available,0,0,0,0,0
Jack Robinson,SHU,DEF,4,Available,0,0,0,0,0
Vestergaard,SOU,DEF,4.6,Doubtful,1023,38,6,3.2,2.2
Bertrand,SOU,DEF,4.8,Available,1572,39,0,2.1,0.7
Valery,SOU,DEF,4.6,Injured,554,9,0,1.1,0.1
Bednarek,SOU,DEF,4.4,Available,2067,53,3,2.3,0.7
Stephens,SOU,DEF,4.4,Available,1377,56,6,3.5,2.5
Yoshida,SOU,DEF,4.2,Available,558,10,1,1.2,0.3
Ramsay,SOU,DEF,3.9,Available,0,0,0,0,1.8
Austin,SOU,FWD,6,NotAvail,0,0,0,0,0
Ings,SOU,FWD,7,Available,1636,126,27,5.2,29.1
Obafemi,SOU,FWD,4.9,Available,353,19,2,1.9,0.2
Long,SOU,FWD,4.6,Doubtful,739,36,1,2.6,1.9
Gallagher,SOU,FWD,4.5,NotAvail,0,0,0,0,0
Forster,SOU,GKP,4.3,NotAvail,0,0,0,0,0.3
McCarthy,SOU,GKP,4.4,Available,1260,44,1,3.1,3.2
Gunn,SOU,GKP,4.3,Available,900,29,3,2.9,1.5
Redmond,SOU,MID,6.2,Available,1865,67,5,3,0.8
Ward-Prowse,SOU,MID,5.8,Available,2160,80,6,3.3,1.7
Elyounoussi,SOU,MID,5.3,NotAvail,0,0,0,0,0
Armstrong,SOU,MID,5.2,Doubtful,864,45,4,2.5,0.1
Lemina,SOU,MID,4.7,NotAvail,0,0,0,0,0.1
Højbjerg,SOU,MID,4.8,Available,1997,55,1,2.4,0.4
Johnson,SOU,MID,4.4,NotAvail,0,0,0,0,0
Slattery,SOU,MID,4.4,Available,0,0,0,0,0.3
Oriol Romeu,SOU,MID,4.3,Available,1196,32,0,1.7,1.6
Walker-Peters,SOU,DEF,4.4,Available,241,5,0,1.7,0.5
Adams,SOU,FWD,5.3,Available,664,32,0,1.8,0.3
Djenepo,SOU,MID,5.2,Available,671,33,3,2.4,0.1
Hoedt,SOU,DEF,4.3,NotAvail,0,0,0,0,0
Cédric,SOU,DEF,4.8,Injured,1306,43,3,2.7,0.3
Boufal,SOU,MID,5.5,Available,569,28,0,1.9,0.1
Danso,SOU,DEF,4.2,Available,275,9,0,1.5,0
N'Lundulu,SOU,FWD,4.5,Available,0,0,0,0,0.1
Lewis,SOU,GKP,4,Available,0,0,0,0,0.2
Smallbone,SOU,MID,4.5,Available,0,0,0,0,0
Davies,TOT,DEF,5.3,Injured,360,8,0,1.3,0.1
Vertonghen,TOT,DEF,5.2,Available,1362,48,4,3,1.8
Alderweireld,TOT,DEF,5.3,Available,2070,53,2,2.3,4.9
Rose,TOT,DEF,5.3,Available,891,17,0,1.4,1.3
Sánchez,TOT,DEF,5.3,Available,1440,25,0,1.5,0.9
Trippier,TOT,DEF,5.5,NotAvail,0,0,0,0,0.1
Foyth,TOT,DEF,4.9,Available,66,3,0,0.8,0
Aurier,TOT,DEF,5,Available,1624,69,11,3.6,6
Kane,TOT,FWD,10.8,Injured,1778,104,16,5.2,9
Janssen,TOT,FWD,4.5,NotAvail,0,0,0,0,0.1
Lloris,TOT,GKP,5.3,Available,638,25,0,3.1,3.2
Gazzaniga,TOT,GKP,4.5,Available,1522,57,6,3.4,3.8
Son,TOT,MID,9.9,Available,1564,101,10,5.3,8.2
Eriksen,TOT,MID,8.6,NotAvail,1090,48,6,2.4,2.6
Alli,TOT,MID,8.5,Available,1415,93,12,5.5,6.3
Lucas Moura,TOT,MID,7.1,Available,1277,63,1,2.9,5
Lamela,TOT,MID,5.7,Available,805,41,2,2.9,1.2
Winks,TOT,MID,5.2,Available,1229,28,0,1.5,0.2
Wanyama,TOT,MID,4.8,Available,24,1,0,0.5,0.1
Sissoko,TOT,MID,4.8,Injured,1688,49,0,2.5,1.3
Dier,TOT,MID,4.9,Available,645,16,0,1.6,0.2
Amos,TOT,MID,4.5,NotAvail,0,0,0,0,0
Skipp,TOT,MID,4.3,Available,12,3,0,1,0.6
Ndombele,TOT,MID,5.8,Available,797,36,2,2.4,2.3
Parrott,TOT,FWD,4.3,Available,5,1,0,1,0.8
Lo Celso,TOT,MID,7.3,Available,522,20,0,1.4,0.3
Sessegnon,TOT,MID,5.4,Available,341,9,0,1.5,0.1
Nkoudou,TOT,MID,5,NotAvail,2,1,0,1,0
Whiteman,TOT,GKP,4,Available,0,0,0,0,0.5
Vorm,TOT,GKP,4.3,Available,0,0,0,0,0
Austin,TOT,GKP,4,Available,0,0,0,0,0.2
Tanganga,TOT,DEF,4,Available,180,7,0,3.5,1.4
Fernandes,TOT,MID,5,Available,25,2,0,1,0
Holebas,WAT,DEF,4.6,Available,1004,16,0,1.3,0.7
Kabasele,WAT,DEF,4.3,Available,1125,47,3,3.4,0.5
Masina,WAT,DEF,4.3,Available,771,30,1,2.5,0.1
Mariappa,WAT,DEF,4.2,Available,1046,24,1,1.8,0.3
Kiko Femenía,WAT,DEF,4.2,Injured,1344,29,0,1.7,0.5
Cathcart,WAT,DEF,4.4,Available,1903,65,3,3,3.3
Janmaat,WAT,DEF,4,Injured,606,36,7,4.5,0.6
Navarro,WAT,DEF,3.9,NotAvail,0,0,0,0,0.3
Prödl,WAT,DEF,3.9,Injured,56,1,0,1,1.1
Deeney,WAT,FWD,6.3,Available,1083,48,8,3.7,2
Deulofeu,WAT,FWD,6.1,Available,1805,78,9,3.2,3
Gray,WAT,FWD,5.6,Available,706,35,2,1.8,0.4
Success,WAT,FWD,4.8,Available,50,4,0,1,0.3
Foster,WAT,GKP,4.9,Available,2160,98,15,4.1,5.1
Dahlberg,WAT,GKP,4.3,Available,0,0,0,0,0.1
Doucouré,WAT,MID,5.7,Available,2006,73,7,3.2,2.5
Pereyra,WAT,MID,5.6,Available,971,37,0,2.1,0.6
Hughes,WAT,MID,5.3,Injured,1154,42,3,2.5,0.3
Cleverley,WAT,MID,4.8,Injured,645,24,2,2.7,0.1
Sema,WAT,MID,4.8,NotAvail,0,0,0,0,0
Capoue,WAT,MID,4.8,Available,1688,46,2,2.4,0.3
Chalobah,WAT,MID,4.4,Doubtful,714,26,2,2,0.2
Quina,WAT,MID,4.4,Available,18,4,0,1,0.1
Dawson,WAT,DEF,4.8,Available,1459,36,0,1.9,0.2
Welbeck,WAT,FWD,5.8,Doubtful,208,7,0,1.4,0.1
Gomes,WAT,GKP,4.4,Available,0,0,0,0,0.2
Sarr,WAT,MID,6.2,Injured,1029,56,2,3.5,0.8
Foulquier,WAT,DEF,4,NotAvail,57,1,0,0.3,0.2
Dele-Bashiru,WAT,MID,4.5,Available,0,0,0,0,0
João Pedro,WAT,FWD,5,Doubtful,0,0,0,0,0
Pussetto,WAT,MID,5,Available,16,2,0,1,0
Cresswell,WHU,DEF,4.7,Available,1573,57,5,3.2,1.5
Ogbonna,WHU,DEF,4.5,Available,1710,61,0,3.2,1.6
Masuaku,WHU,DEF,4.2,Available,802,25,3,1.9,0.5
Zabaleta,WHU,DEF,4.2,Available,558,9,0,1,0.5
Fredericks,WHU,DEF,4.4,Injured,1537,55,5,3.1,0.4
Diop,WHU,DEF,4.4,Available,1505,36,2,2,2.1
Balbuena,WHU,DEF,4.3,Available,1081,36,3,2.8,0.5
Reid,WHU,DEF,3.9,Available,0,0,0,0,5.1
Johnson,WHU,DEF,3.9,Available,0,0,0,0,1.5
Arnautovic,WHU,FWD,7,NotAvail,0,0,0,0,0.1
Chicharito,WHU,FWD,6,NotAvail,106,9,2,4.5,0.4
Xande Silva,WHU,FWD,4.3,Injured,0,0,0,0,0.9
Fabianski,WHU,GKP,4.9,Available,857,49,5,4.5,2.1
Antonio,WHU,MID,6.9,Doubtful,595,27,0,2.7,0.7
Felipe Anderson,WHU,MID,6.6,Injured,1337,57,1,3,2.7
Lanzini,WHU,MID,6.2,Available,1177,44,3,2.4,0.8
Yarmolenko,WHU,MID,5.3,Injured,822,49,8,3.3,0.8
Snodgrass,WHU,MID,5.2,Available,1245,60,5,3.2,1.1
Wilshere,WHU,MID,4.7,Injured,174,6,0,1,0.2
Rice,WHU,MID,4.7,Available,2160,54,1,2.2,1.6
Noble,WHU,MID,5,Available,1699,75,6,3.6,2.1
Carlos Sánchez,WHU,MID,4.3,Available,112,7,0,1.2,0.5
Diangana,WHU,MID,4.4,NotAvail,0,0,0,0,0.1
Fornals,WHU,MID,6,Available,1233,54,3,2.3,0.4
Obiang,WHU,MID,4.5,NotAvail,0,0,0,0,0
Roberto,WHU,GKP,4.4,NotAvail,686,18,1,2.2,0.4
Haller,WHU,FWD,7,Available,1849,83,8,3.6,3.1
Ajeti,WHU,FWD,5.7,Available,128,8,0,1,0
Martin,WHU,GKP,4.1,Available,435,20,2,4,1.8
Holland,WHU,MID,4.4,NotAvail,31,2,0,1,0
Anang,WHU,GKP,4,Available,0,0,0,0,0.1
Ngakia,WHU,DEF,4,Available,90,1,0,1,0
Cardoso,WHU,DEF,4,Available,0,0,0,0,0
Rosa,WHU,MID,4.5,Available,0,0,0,0,0
Randolph,WHU,GKP,4.5,Available,180,3,0,1.5,0.2
Doherty,WOL,DEF,6.1,Available,1697,77,6,3.5,4.2
Jonny,WOL,DEF,5.4,Available,1934,56,0,2.4,1
Coady,WOL,DEF,5,Available,2160,55,2,2.3,1.5
Bennett,WOL,DEF,4.8,Available,603,21,0,1.9,0.3
Boly,WOL,DEF,4.7,Available,720,34,7,4.2,1.9
Vinagre,WOL,DEF,4.2,Injured,338,15,0,1.5,0.2
Saïss,WOL,DEF,4.4,Available,1533,41,1,2,0.7
Kilman,WOL,DEF,4,Available,184,5,0,1.7,2.1
Jiménez,WOL,FWD,7.6,Available,2027,129,22,5.4,21.4
Jota,WOL,FWD,6.1,Available,1398,54,6,2.7,2.6
Patrício,WOL,GKP,5.1,Available,2160,83,4,3.5,9.1
Ruddy,WOL,GKP,4.3,Available,0,0,0,0,0.4
Norris,WOL,GKP,4,NotAvail,0,0,0,0,0.6
Neves,WOL,MID,5.2,Available,1862,59,4,2.5,4.5
Moutinho,WOL,MID,5.4,Available,2065,83,11,3.5,5.3
Gibbs-White,WOL,MID,4.7,Available,122,8,0,2,0.1
Traoré,WOL,MID,5.8,Available,1850,100,14,4.3,19.6
Costa,WOL,MID,4.9,NotAvail,0,0,0,0,0
Cavaleiro,WOL,MID,4.9,NotAvail,0,0,0,0,0
Dendoncker,WOL,MID,4.4,Available,1997,61,6,2.5,10
Vallejo,WOL,DEF,4.6,NotAvail,162,1,0,0.5,0.2
Cutrone,WOL,FWD,5.5,NotAvail,292,23,0,1.9,0.5
Neto,WOL,MID,5,Available,597,36,0,2.1,0.2
Ashley-Seal,WOL,FWD,4.5,Available,0,0,0,0,0.1
Perry,WOL,MID,4.5,Available,0,0,0,0,0
Otasowie,WOL,MID,4.5,Available,0,0,0,0,0
Cundle,WOL,MID,4.5,Available,0,0,0,0,0
Buur,WOL,DEF,4,Available,0,0,0,0,0
Giles,WOL,DEF,4,Available,0,0,0,0,0
Jordao,WOL,MID,4.5,Available,0,0,0,0,0
