Abraham,CHE,FWD,0,0,0,0,0,0,0,5.4,-0.1,0.1
Adam Smith,BOU,DEF,2067,1,1,8,2.8,70,1,4.3,-0.2,0.4
Adri�n,WHU,GKP,0,0,0,0,0,0,0,4.2,-0.3,0.3
Ag�ero,MCI,FWD,2457,21,11,17,6.1,201,26,12,1,42.7
Ak�,BOU,DEF,3411,4,1,10,3.2,120,8,5.1,0.1,6.1
Albrighton,LEI,MID,1617,2,2,5,2.3,63,4,5.1,-0.4,0.3
Alderweireld,TOT,DEF,2921,0,0,12,3.1,107,7,6,0,3.7
Alexander-Arnold,LIV,DEF,2460,1,13,16,6.4,185,25,5.8,0.8,26.9
Alisson,LIV,GKP,3420,0,0,21,4.6,176,9,5.9,0.4,23.4
Alli,TOT,MID,1822,5,4,8,3.8,94,8,8.8,-0.2,2.5
Almir�n,NEW,MID,758,0,2,3,2.8,28,0,6,0,0.2
Alonso,CHE,DEF,2759,2,8,14,5.2,161,21,6.2,-0.3,22.1
Amartey,LEI,MID,639,0,0,1,1.7,15,0,4.3,-0.2,0.2
Amos,TOT,MID,2,0,0,0,1,1,0,4.3,-0.2,0.1
Ampadu,CHE,MID,0,0,0,0,0,0,0,4.4,-0.1,0
Andone,BHA,FWD,866,3,0,2,1.7,38,2,5,0,0.2
Andr� Gomes,EVE,MID,1977,1,2,9,2.4,64,2,5.4,-0.1,0.2
Antonio,WHU,MID,2093,6,8,7,3.6,118,6,6.8,-0.2,1.2
Armstrong,SOU,MID,1421,3,4,5,2.6,75,3,5.1,-0.4,0.2
Arnautovic,WHU,FWD,1988,10,5,4,4.2,117,15,6.7,-0.3,6.7
Arter,CAR,MID,1999,0,1,7,1.9,48,0,4.9,-0.1,0.2
Atsu,NEW,MID,1481,1,1,6,2,55,0,5.1,-0.4,0.1
Aubameyang,ARS,FWD,2722,22,7,7,5.7,205,32,10.8,-0.2,18.8
Aurier,TOT,DEF,562,0,2,2,3,24,0,5.7,-0.3,0.5
Austin,SOU,FWD,970,2,2,5,1.8,46,1,5.5,-0.5,0.4
Ayew,CRY,FWD,1176,1,3,5,2.3,46,2,5.7,-0.3,0.2
Ayit�,FUL,MID,466,1,0,0,1.5,24,0,4.2,-0.3,0.1
Azpilicueta,CHE,DEF,3402,1,6,16,4.2,158,11,6.4,-0.1,9.6
Babel,FUL,MID,1250,5,4,3,4.7,75,8,5.6,0.1,1.7
Bacuna,CAR,DEF,554,0,1,1,1.5,17,0,4.3,-0.2,0
Bacuna,HUD,MID,1410,1,0,0,1.9,39,1,4.2,-0.3,0.4
Bailly,MUN,DEF,636,0,0,1,1.3,16,0,5,-0.5,1.3
Baines,EVE,DEF,374,0,0,0,1.2,7,0,5,-0.5,0.5
Bakayoko,CHE,MID,0,0,0,0,0,0,0,4.9,-0.1,0.1
Balbuena,WHU,DEF,2013,1,0,5,2.7,61,3,4.2,-0.3,0.3
Baldock,BHA,FWD,0,0,0,0,0,0,0,4.5,0,0.3
Balogun,BHA,DEF,591,1,0,0,1.9,15,0,4.2,-0.3,0.1
Bamba,CAR,DEF,2475,4,1,7,3.4,95,11,4.4,-0.1,1.5
Baningime,EVE,MID,0,0,0,0,0,0,0,4.3,-0.2,0
Bardsley,BUR,DEF,1670,0,0,4,1.7,33,0,4.2,-0.3,0.1
Barkley,CHE,MID,1231,3,5,7,2.9,79,5,5,-1,1.3
Barnes,BUR,FWD,2378,12,3,7,3.3,122,13,5.6,-0.4,2.1
Barnes,LEI,MID,1001,1,3,1,2.7,43,1,5.5,0,0.2
Barreca,NEW,DEF,4,0,0,0,1,1,0,4.1,-0.4,0
Batshuayi,CRY,FWD,748,5,1,3,4.4,48,5,6.2,-0.3,0.8
Batth,WOL,DEF,0,0,0,0,0,0,0,4,0,0.6
Bednarek,SOU,DEF,2150,0,1,3,2,49,3,4,0,7.4
Begovic,BOU,GKP,2160,0,0,5,2.6,63,4,4.3,-0.2,2.7
Beller�n,ARS,DEF,1532,0,5,4,3.2,60,5,5.3,-0.2,4.5
Benalouane,LEI,DEF,0,0,0,0,0,0,0,3.9,-0.1,0.7
Benkovic,LEI,DEF,0,0,0,0,0,0,0,5,0,0
Bennett,CAR,DEF,2639,0,1,9,2.6,77,4,4.4,-0.1,0.4
Bennett,WOL,DEF,3060,1,0,9,2.6,89,1,4.1,0.1,8
Benson,BUR,MID,0,0,0,0,0,0,0,4.5,0,0
Benteke,CRY,FWD,807,1,1,3,2.1,33,3,6.3,-0.2,0.5
Bernard,EVE,MID,2108,1,4,13,2.6,88,5,5.9,-0.1,0.3
Bernardo,BHA,DEF,1749,0,1,2,1.8,39,0,4.2,-0.3,0.1
Bernardo Silva,MCI,MID,2849,7,8,15,4.3,154,17,7.8,0.3,13.6
Bertrand,SOU,DEF,2160,1,0,6,2.3,56,1,4.8,-0.2,2.4
Bettinelli,FUL,GKP,630,0,0,0,2.1,15,0,4.2,-0.3,0.3
Billing,HUD,MID,2187,2,0,5,2.3,63,4,4.5,0,1
Bissouma,BHA,MID,1764,0,0,3,1.5,43,0,4.6,-0.4,0
Blind,MUN,DEF,0,0,0,0,0,0,0,5,0,0
Bogle,CAR,FWD,0,0,0,0,0,0,0,4.5,0,0.1
Bolasie,EVE,MID,0,0,0,0,0,0,0,5.8,-0.2,0.1
Boly,WOL,DEF,3168,4,0,8,3.3,120,10,4.7,0.2,6.1
Bonatini,WOL,FWD,130,0,1,0,1.4,10,0,4.6,-0.4,0.3
Bong,BHA,DEF,1805,0,0,5,2.2,48,0,4.4,-0.1,0.1
Boruc,BOU,GKP,1080,0,0,4,3.8,46,4,4.1,0.1,8.6
Boufal,SOU,MID,0,0,0,0,0,0,0,5.5,0,0
Brady,BUR,MID,714,0,1,1,1.3,20,0,5.4,-0.1,0
Bravo,MCI,GKP,0,0,0,0,0,0,0,4.8,-0.2,0.1
Brian Murphy,CAR,GKP,0,0,0,0,0,0,0,4,0,0.2
Britos,WAT,DEF,184,0,0,0,1,3,0,4.3,-0.2,0
Brooks,BOU,MID,2263,7,6,9,4.1,123,7,5,0,3.6
Browning,EVE,DEF,0,0,0,0,0,0,0,4,0,0.1
Bruno,BHA,DEF,1131,0,1,4,3.3,46,7,4.4,-0.1,0.3
Bryan,FUL,DEF,2344,0,1,5,1.9,52,4,4.8,-0.2,0.2
Burn,BHA,DEF,0,0,0,0,0,0,0,4.5,0,0
Butcher,BOU,MID,0,0,0,0,0,0,0,4.5,0,0
Button,BHA,GKP,360,0,0,1,3.8,15,2,4,0,2.3
Byram,WHU,DEF,0,0,0,0,0,0,0,4.5,0,0
Caballero,CHE,GKP,180,0,0,2,6.5,13,0,4.7,-0.3,0.1
Cahill,CHE,DEF,22,0,0,0,1,2,0,5,-0.5,0.5
Cairney,FUL,MID,2188,1,1,5,2.3,71,3,4.6,-0.4,0.5
Calvert-Lewin,EVE,FWD,1769,6,5,8,2.6,92,3,5.4,-0.1,1.9
Camacho,LIV,MID,1,0,0,0,1,1,0,5,0,0
Camarasa,CAR,MID,2569,5,4,9,3.3,106,5,4.4,-0.1,2.2
Capoue,WAT,MID,2944,1,3,8,2.4,79,8,4.8,-0.2,0.5
Carlos S�nchez,WHU,MID,240,0,0,0,1.3,9,0,4.3,-0.2,0.1
Carrillo,SOU,FWD,0,0,0,0,0,0,0,5.5,0,0
Carroll,WHU,FWD,454,0,0,0,1,12,0,5.4,-0.1,0.1
Cass,NEW,DEF,0,0,0,0,0,0,0,4,0,0
Cathcart,WAT,DEF,3095,3,0,6,2.6,93,5,4.5,0,3.2
Cavaleiro,WOL,MID,677,3,1,1,2.1,48,3,5.2,-0.3,0.1
Cech,ARS,GKP,585,0,0,1,3.4,24,3,4.7,-0.3,1.1
Chalobah,WAT,MID,265,0,0,0,1.1,10,0,4.4,-0.1,0.1
Chamberlain,LIV,MID,19,0,0,0,1,2,0,6.4,-0.1,0.1
Chambers,FUL,DEF,2586,2,0,5,1.9,60,0,4.2,-0.3,1.1
Chicharito,WHU,FWD,1326,7,4,6,3.4,86,10,6.1,-0.4,1.5
Chilwell,LEI,DEF,3240,0,5,10,3.3,118,8,5,0,2.8
Chong,MUN,MID,37,0,0,0,1,2,0,4.5,0,0
Choudhury,LEI,MID,593,0,0,4,2.2,20,0,4.3,-0.2,0.1
Christensen,CHE,DEF,615,0,0,3,2.8,22,0,5,-0.5,0.4
Christie,FUL,DEF,1941,0,1,3,1.5,42,2,4.2,-0.3,0.2
Ciss�,FUL,MID,86,0,0,0,1.3,4,0,4.3,-0.2,0.1
Clark,NEW,DEF,857,3,0,2,3.8,42,4,4.5,0,0.2
Cleverley,WAT,MID,470,1,0,3,1.9,25,2,5,0,0
Clyne,BOU,DEF,1250,0,1,3,1.9,34,0,4.4,-0.6,0.6
Coady,WOL,DEF,3420,0,0,9,2.5,94,6,4.5,0,0.9
Coleman,EVE,DEF,2558,2,2,13,4.3,125,12,5.2,-0.3,1.6
Coleman,HUD,GKP,90,0,0,0,2,2,0,4,0,0
Connolly,CAR,DEF,0,0,0,0,0,0,0,3.8,-0.2,2.8
Cork,BUR,MID,3312,1,2,8,2.4,87,0,4.6,-0.4,0.5
Costa,WOL,MID,1333,1,2,5,2.1,52,0,4.6,-0.4,0.4
Courtois,CHE,GKP,0,0,0,0,0,0,0,5.5,0,0.5
Coventry,WHU,MID,0,0,0,0,0,0,0,4.5,0,0
Cresswell,WHU,DEF,1588,0,1,1,1.7,34,0,5,-0.5,0.5
Crouch,BUR,FWD,86,0,1,0,1.3,8,0,4.4,-0.1,0.9
Cunningham,CAR,DEF,630,0,0,1,1.3,9,0,4.1,-0.4,0
C�dric,SOU,DEF,1493,1,2,4,2.9,52,7,4.2,-0.3,2.1
Dahlberg,WAT,GKP,0,0,0,0,0,0,0,4.3,-0.2,0.1
Dalot,MUN,DEF,1009,0,2,1,1.7,27,0,5.3,-0.2,0.2
Daly,HUD,MID,73,0,0,0,1,2,0,4.5,0,0
Damour,CAR,MID,21,0,0,0,1,2,0,4.3,-0.2,0.1
Daniels,BOU,DEF,1583,1,0,4,2.1,44,1,4.1,-0.4,3.2
Danilo,MCI,DEF,805,1,0,4,4.2,46,7,4.8,-0.7,0.6
Dann,CRY,DEF,661,0,1,2,2.3,23,0,4.4,-0.1,0.1
Darlow,NEW,GKP,0,0,0,0,0,0,0,4.4,-0.1,0.1
Darmian,MUN,DEF,443,0,0,1,2.3,14,2,4.6,-0.4,0.2
David Luiz,CHE,DEF,3238,3,2,16,4.6,164,19,5.8,0.3,11.7
David Silva,MCI,MID,2399,6,8,16,4.3,143,14,8.5,0,4.4
Davies,EVE,MID,975,0,0,2,1.6,26,0,5,-0.5,0.1
Davies,TOT,DEF,1837,0,0,6,2.4,66,5,5.6,-0.4,1.7
Davis,SOU,MID,97,0,1,0,3,9,2,4.6,-0.4,0
De Bruyne,MCI,MID,968,2,3,6,3.1,59,8,9.6,-0.4,3.4
de Gea,MUN,GKP,3420,0,0,7,3.2,120,7,5.7,-0.3,16.2
De La Torre,FUL,MID,0,0,0,0,0,0,0,4.5,0,0
Deeney,WAT,FWD,2542,9,5,5,3.6,116,13,5.8,-0.2,3.7
Defoe,BOU,FWD,22,0,0,0,1,4,0,5.6,-0.4,0.4
Defour,BUR,MID,449,0,0,0,1.7,10,0,5.3,-0.2,0
Delph,MCI,DEF,722,0,1,3,2.6,29,2,5.3,-0.2,0.3
Demb�l�,TOT,MID,512,0,0,1,1.4,14,0,4.9,-0.1,0.7
Dendoncker,WOL,MID,1465,2,0,3,2.5,48,1,4.3,-0.2,0.6
Depoitre,HUD,FWD,1058,0,1,0,1.5,34,0,5.1,-0.4,0.3
Deulofeu,WAT,MID,2064,10,5,9,4.4,133,10,5.7,0.2,7.2
Diabat�,LEI,MID,54,0,0,0,1,1,0,4.6,-0.4,0
Diakhaby,HUD,MID,548,0,1,1,1.6,19,0,4.5,-0.5,0
Diam�,NEW,MID,2162,0,0,7,1.9,56,0,4.8,-0.2,0.1
Diangana,WHU,MID,600,0,1,2,1.5,25,0,4.5,0,0
Diaz,MCI,MID,0,0,0,0,0,0,0,4.7,-0.3,0
Dier,TOT,MID,1504,3,0,5,2.8,56,3,4.7,-0.3,0.9
Digne,EVE,DEF,2964,4,5,13,4.5,158,22,5.4,0.4,10.2
Diop,WHU,DEF,2970,1,0,7,2.6,87,6,4.2,-0.3,1.4
Doherty,WOL,DEF,3141,4,7,8,3.8,144,12,5.3,0.8,21.9
Doucour�,WAT,MID,3061,5,7,5,3.5,124,14,5.8,-0.2,2.8
Douglas,WOL,DEF,0,0,0,0,0,0,0,5,0,0
Dowell,EVE,MID,0,0,0,0,0,0,0,4.5,0,0
Dreher,CRY,MID,1,0,0,0,1,1,0,4.5,0,0
Drinkwater,CHE,MID,0,0,0,0,0,0,0,4.6,-0.4,0.1
Driscoll-Glennon,BUR,DEF,0,0,0,0,0,0,0,4,0,0
Dubravka,NEW,GKP,3420,0,0,11,3.4,131,10,5,0,1
Duffy,BHA,DEF,3087,5,2,7,3.3,115,9,4.7,0.2,8.1
Duhaney,HUD,DEF,45,0,0,0,1,1,0,4,0,0
Dummett,NEW,DEF,1986,0,0,7,2.6,67,3,4.4,-0.1,0.2
Dunk,BHA,DEF,3151,2,1,7,2.5,91,6,4.4,-0.1,3.4
Durm,HUD,DEF,2049,0,1,3,1.8,49,2,4.4,-0.1,0.1
Ecuele Manga,CAR,DEF,3375,0,1,10,2.6,97,4,4.4,-0.1,0.4
Ederson,MCI,GKP,3420,0,1,20,4.4,169,6,5.7,0.2,22.9
Elliot,NEW,GKP,0,0,0,0,0,0,0,4.3,-0.2,0.1
Elliott,FUL,MID,18,0,0,0,1,2,0,4,0,0.6
Elneny,ARS,MID,377,0,0,0,1.3,10,0,4.2,-0.3,2.2
Elyounoussi,SOU,MID,785,0,0,4,1.8,28,0,6,-0.5,0.1
Emerson,CHE,DEF,660,0,0,2,2.2,22,1,5.2,-0.3,0.2
Enobakhare,WOL,MID,0,0,0,0,0,0,0,4.3,-0.2,0.1
Eriksen,TOT,MID,2770,8,12,8,4.6,161,15,9.2,-0.3,7.7
Etheridge,CAR,GKP,3420,0,0,10,4.1,154,18,4.6,0.1,10.2
Evans,LEI,DEF,1993,1,0,8,3.2,77,3,4.8,-0.2,0.4
Eyoma,TOT,DEF,0,0,0,0,0,0,0,4,0,0.1
Fabianski,WHU,GKP,3420,0,0,7,3.8,143,15,4.7,0.2,14.3
Fabinho,LIV,MID,2011,1,2,11,2.3,65,0,5.5,-0.5,0.6
Fabri,FUL,GKP,180,0,0,0,4,8,2,4.2,-0.3,0.2
Felipe Anderson,WHU,MID,3045,9,6,7,4.3,155,18,6.8,-0.2,8.2
Fellaini,MUN,MID,746,0,2,1,1.9,26,0,4.8,-0.2,0.4
Fernandes,WHU,MID,0,0,0,0,0,0,0,4.5,0,0.1
Fernandinho,MCI,MID,2375,1,3,12,2.7,79,4,5.3,-0.2,2.9
Fern�ndez,NEW,DEF,1482,0,2,3,2.5,47,5,4.4,-0.1,0.2
Firmino,LIV,FWD,2606,12,8,19,4.7,160,24,9.3,-0.2,14.2
Foden,MCI,MID,328,1,0,2,1.9,25,3,4.5,-0.5,0.2
Fonte,FUL,MID,0,0,0,0,0,0,0,4.4,-0.1,0.1
Forster,SOU,GKP,90,0,0,0,2,2,0,4.2,-0.3,0.6
Foster,WAT,GKP,3420,0,0,7,3.4,129,11,4.6,0.1,8.5
Fosu-Mensah,FUL,DEF,791,0,0,1,1.2,14,1,4.5,0,0.3
Foyth,TOT,DEF,888,1,0,3,2.9,35,4,5,0,0.2
Francis,BOU,DEF,1227,0,2,4,2.4,40,0,4.3,-0.2,0.2
Fraser,BOU,MID,3165,7,14,9,4.8,181,23,6.4,0.9,23.7
Fred,MUN,MID,1039,1,2,1,2.4,40,3,5.3,-0.7,1.2
Fredericks,WHU,DEF,1084,1,0,3,2.5,38,4,4.5,-0.5,0.3
Fuchs,LEI,DEF,206,0,0,0,1,3,0,4.1,-0.4,0.4
F�bregas,CHE,MID,175,0,0,0,1,6,0,6.2,-0.3,0.3
Gabbiadini,SOU,FWD,468,1,0,0,1.9,23,3,5.6,-0.4,0.1
Gallagher,SOU,FWD,32,0,0,0,1,4,0,4.5,0,0.1
Garner,MUN,MID,1,0,0,0,1,1,0,4.5,0,0
Gayle,NEW,FWD,0,0,0,0,0,0,0,6,0,0.1
Gazzaniga,TOT,GKP,270,0,0,1,4.3,13,0,4.5,0,0
Ghezzal,LEI,MID,733,1,0,1,1.5,28,2,5,-0.5,0.1
Gibbs-White,WOL,MID,645,0,1,4,1.4,37,0,4.3,-0.2,0.5
Gibson,BUR,DEF,62,1,0,0,6,6,0,4.8,-0.2,0.1
Giles,WOL,MID,0,0,0,0,0,0,0,4.5,0,0
Giroud,CHE,FWD,828,2,4,6,2,55,2,7.7,-0.3,1.9
Gomes,MUN,MID,25,0,0,0,1,2,0,5,0,0
Gomes,WAT,GKP,0,0,0,0,0,0,0,4.2,-0.3,0.3
Gomez,LIV,DEF,1059,0,0,7,3.4,55,2,4.8,-0.2,1
Gosling,BOU,MID,1734,2,2,4,2.2,54,0,4.7,-0.3,0.1
Grant,HUD,FWD,873,3,2,1,3.5,45,5,5,0,0.2
Grant,MUN,GKP,0,0,0,0,0,0,0,4.8,-0.2,0
Gray,LEI,MID,1978,4,1,6,2.5,84,3,5.4,-0.1,0.9
Gray,WAT,FWD,1352,7,2,4,2.9,83,10,5.9,-0.1,1.9
Greenwood,MUN,FWD,115,0,0,0,1.3,4,0,4.5,0,0.2
Gro�,BHA,MID,1864,3,3,3,3.2,80,12,6.7,-0.3,1.5
Guaita,CRY,GKP,1754,0,0,7,4,81,8,4.3,-0.2,2.4
Gudmundsson,BUR,MID,1743,3,7,5,3.2,92,6,5.5,-0.5,1
Guehi,CHE,DEF,0,0,0,0,0,0,0,4,0,0
Guendouzi,ARS,MID,2140,0,0,3,1.4,47,0,4.4,-0.1,1.6
Gueye,EVE,MID,2821,0,2,13,2.4,78,0,4.7,-0.3,0.3
Gunn,SOU,GKP,1080,0,0,3,3.9,47,4,4.3,-0.2,1.1
Gunnarsson,CAR,MID,2266,1,1,6,2.3,65,3,4.4,-0.1,0.6
Gyokeres,BHA,FWD,0,0,0,0,0,0,0,4.5,0,0.1
G�ndogan,MCI,MID,2129,6,3,13,3.6,113,10,5.4,-0.1,2.3
Hadergjonaj,HUD,DEF,1837,0,0,4,2.1,50,1,4.3,-0.2,0.1
Halford,CAR,DEF,0,0,0,0,0,0,0,4,0,0
Hamer,HUD,GKP,552,0,0,0,1.3,9,0,3.9,-0.1,5.3
Harris,CAR,MID,365,1,1,1,1.8,24,0,4.5,0,0
Hart,BUR,GKP,1710,0,0,4,3.6,69,7,4.2,-0.3,4.4
Hause,WOL,DEF,0,0,0,0,0,0,0,4,0,0.2
Hayden,NEW,MID,1857,1,4,7,2.8,69,5,4.3,-0.2,1.4
Hazard,CHE,MID,2918,16,15,12,6.4,238,35,11,0.5,27.2
Healey,CAR,FWD,49,0,0,0,1,3,0,4.5,0,0.1
Heaton,BUR,GKP,1710,0,0,4,3.1,58,4,4.8,-0.2,0.5
Hemed,BHA,FWD,0,0,0,0,0,0,0,4.9,-0.1,0.1
Henderson,LIV,MID,1976,1,3,12,2.4,76,2,5.3,-0.2,0.7
Hendrick,BUR,MID,2058,2,2,4,2.3,73,3,5.2,-0.3,0.2
Hennessey,CRY,GKP,1575,0,0,5,3.7,67,6,4.4,-0.1,2.4
Herrera,MUN,MID,1397,2,3,5,2.8,62,6,5,0,0.5
Higua�n,CHE,FWD,1084,5,0,5,3.8,53,6,9,-0.5,1.5
Hoedt,SOU,DEF,1170,0,0,4,2.2,29,3,4.2,-0.3,0.2
Hogg,HUD,MID,2369,0,1,5,1.9,54,3,4.4,-0.1,0.2
Hoilett,CAR,MID,2134,3,2,6,2.6,82,4,5,-0.5,0.1
Holding,ARS,DEF,806,0,0,1,2.4,24,5,4.3,-0.2,0.4
Holebas,WAT,DEF,2392,3,7,5,3.3,93,10,4.8,0.3,7.9
Holgate,EVE,DEF,407,0,0,0,1,5,0,4.3,-0.2,0.1
Holland,WHU,MID,0,0,0,0,0,0,0,4,0,0.5
Hudson-Odoi,CHE,MID,388,0,1,2,1.8,18,1,4.2,-0.3,2.2
Hughes,WAT,MID,2419,2,4,7,2.7,87,5,4.9,-0.1,0.7
Hugill,WHU,FWD,0,0,0,0,0,0,0,5,0,0
Hyndman,BOU,MID,37,0,0,0,1,1,0,4.4,-0.1,0
H�jbjerg,SOU,MID,2760,4,3,4,2.9,90,8,4.4,-0.1,3.2
Ibe,BOU,MID,789,1,1,1,1.7,33,0,4.9,-0.6,0.2
Iborra,LEI,MID,224,0,0,0,1.1,9,0,4.7,-0.3,0
Iheanacho,LEI,FWD,924,1,5,1,1.9,58,3,5.7,-0.3,0.8
Ince,HUD,MID,0,0,0,0,0,0,0,5,0,0
Ings,SOU,FWD,1650,7,3,5,3.8,90,11,5.4,-0.1,3.2
Iwobi,ARS,MID,1961,3,8,4,2.8,99,3,5.4,-0.1,1.5
Izquierdo,BHA,MID,789,0,2,3,2.1,31,0,5.9,-0.1,0.1
Jach,CRY,DEF,0,0,0,0,0,0,0,4,0,0
Jagielka,EVE,DEF,329,1,0,2,3.1,22,3,4.3,-0.2,0.6
Jahanbakhsh,BHA,MID,1014,0,0,5,1.7,33,0,6.7,-0.3,0.6
Jakupovic,LEI,GKP,0,0,0,0,0,0,0,4.3,-0.2,0.1
James,LEI,MID,0,0,0,0,0,0,0,4.4,-0.1,0
Janmaat,WAT,DEF,1520,0,2,3,2.8,50,6,4.9,-0.1,0.4
Janssen,TOT,FWD,36,0,0,0,1,3,0,4.5,0,0.1
Jazz Richards,CAR,DEF,129,0,0,0,0.5,2,0,3.9,-0.1,0.5
Jenkinson,ARS,DEF,165,0,0,0,1.3,4,0,4.5,0,0
Jesus,MCI,FWD,1017,7,3,2,2.7,79,7,9.9,-0.6,1.6
Jim�nez,WOL,FWD,3112,13,10,12,4.8,181,31,6.9,1.4,33.4
Johansen,FUL,MID,409,0,0,0,0.9,11,0,5,-0.5,0
John,WOL,DEF,0,0,0,0,0,0,0,4,0,0.1
Johnson,SOU,MID,1,0,0,0,1,1,0,4.5,0,0
Johnson,WHU,DEF,62,0,0,0,2,2,0,4,0,0
Jones,LIV,MID,0,0,0,0,0,0,0,4.5,0,0
Jones,MUN,DEF,1261,0,1,3,2.4,43,3,5.1,-0.4,0.5
Jones,SOU,DEF,0,0,0,0,0,0,0,4,0,0
Jonny,WOL,DEF,2772,1,3,8,3.1,103,9,4.3,-0.2,3.6
Jorginho,CHE,MID,3156,2,0,16,2.6,96,4,4.6,-0.4,5.8
Joselu,NEW,FWD,586,2,0,1,1.9,30,3,4.7,-0.3,2.1
Jota,WOL,MID,2352,9,8,10,4.2,139,13,6.3,-0.2,8.5
Kabasele,WAT,DEF,1584,0,0,3,1.7,36,1,4.4,-0.1,0.3
Kaboul,WAT,DEF,0,0,0,0,0,0,0,4.2,-0.3,0.1
Kachunga,HUD,FWD,1175,0,0,1,1.4,29,0,4.8,-0.2,0.1
Kaikai,CRY,MID,0,0,0,0,0,0,0,4.3,-0.2,0.1
Kamara,FUL,FWD,688,3,0,1,2.2,28,2,4.5,0,5.1
Kane,TOT,FWD,2423,17,6,9,5.7,160,24,12.6,0.1,12.4
Kant�,CHE,MID,3092,4,4,14,3.2,116,3,4.9,-0.1,15.8
Karius,LIV,GKP,0,0,0,0,0,0,0,4.9,-0.1,0.1
Kayal,BHA,MID,935,1,1,4,2,36,0,4.4,-0.1,0.3
Keane,EVE,DEF,2970,1,2,13,3.9,129,15,4.8,-0.2,4.3
Kebano,FUL,MID,101,0,0,0,1,7,0,4.3,-0.2,0
Keita,LIV,MID,1385,2,1,10,2.7,67,3,7.1,-0.4,1.5
Kelly,CRY,DEF,1110,0,0,3,2,26,1,3.9,-0.1,5
Kenedy,NEW,MID,1337,1,1,6,2,50,1,4.7,-0.3,0.5
Kenny,EVE,DEF,789,0,1,1,1.9,19,0,4.1,-0.4,0.2
Kepa,CHE,GKP,3240,0,0,14,3.9,142,7,5.4,-0.1,4.9
Ki Sung-yueng,NEW,MID,1298,0,1,4,2.1,38,1,4.7,-0.3,0.1
Kiko Femen�a,WAT,DEF,2043,1,1,4,2.3,66,6,4.2,-0.3,1.2
Kilman,WOL,DEF,1,0,0,0,1,1,0,4,0,0
King,BOU,FWD,2963,12,3,10,4,141,20,6.4,-0.1,5.1
Klaassen,EVE,MID,0,0,0,0,0,0,0,6,0,0
Klavan,LIV,DEF,0,0,0,0,0,0,0,4.4,-0.1,0
Knight,LEI,DEF,0,0,0,0,0,0,0,4,0,0
Knockaert,BHA,MID,1828,2,6,3,2.5,74,2,5.2,-0.3,0.5
Koiki,BUR,DEF,0,0,0,0,0,0,0,4,0,0
Kolasinac,ARS,DEF,1886,0,7,5,3.4,81,10,4.9,-0.1,5.4
Kompany,MCI,DEF,1220,1,0,6,3.4,58,4,5.2,-0.3,1.7
Kongolo,HUD,DEF,2716,1,1,4,1.9,60,4,4.3,-0.2,0.2
Koscielny,ARS,DEF,1329,3,0,3,3.6,62,8,5.4,-0.1,0.9
Kouyat�,CRY,MID,1889,0,3,9,2.2,67,0,4.7,-0.3,0.2
Kovacic,CHE,MID,1725,0,2,9,2,64,2,5.7,-0.3,0.7
Lacazette,ARS,FWD,2497,13,12,6,4.7,166,20,9.4,-0.1,11.4
Lallana,LIV,MID,460,0,1,3,1.8,23,0,6.9,-0.1,0.6
Lamela,TOT,MID,965,4,4,4,3.5,67,5,5.9,-0.6,0.3
Lanzini,WHU,MID,685,1,2,2,3.1,31,3,6.4,-0.1,0.1
Laporte,MCI,DEF,3056,3,3,18,5.1,177,16,6.3,0.8,16.7
Lascelles,NEW,DEF,2745,0,1,10,3,95,8,4.7,-0.3,3.1
Le Marchand,FUL,DEF,2250,0,1,3,1.5,38,1,4.2,-0.3,0.2
Lejeune,NEW,DEF,1054,0,0,4,2.9,35,0,4.4,-0.1,0.1
Lemina,SOU,MID,1612,1,2,4,2.4,50,2,4.7,-0.3,0.2
Lennon,BUR,MID,1214,1,1,3,2.6,41,2,4.9,-0.1,0.3
Leno,ARS,GKP,2835,0,0,6,3.3,106,5,4.9,-0.1,4
Lerma,BOU,MID,2505,2,2,9,2.5,75,6,4.5,0,0.3
Lewis Cook,BOU,MID,719,0,0,3,1.7,22,0,4.6,-0.4,0.1
Lichtsteiner,ARS,DEF,935,0,0,0,1,14,0,4.5,-0.5,0.8
Lindegaard,BUR,GKP,0,0,0,0,0,0,0,4.3,-0.2,0.1
Lindel�f,MUN,DEF,2600,1,1,6,2.8,85,9,4.9,-0.1,5.2
Lingard,MUN,MID,1657,4,3,3,2.9,78,5,6.7,-0.3,2.6
Llorente,TOT,FWD,681,1,4,2,2,41,3,5.1,-0.9,1.5
Lloris,TOT,GKP,2970,0,0,12,4.4,145,10,5.4,-0.1,6.2
Locadia,BHA,FWD,1225,2,0,3,2,52,6,5.3,-0.2,0.3
Loftus-Cheek,CHE,MID,980,6,2,5,3.3,79,6,5.2,-0.3,0.8
Long,BUR,DEF,513,0,1,1,2.7,16,0,4.1,-0.4,0.3
Long,SOU,FWD,1260,5,2,2,2.5,66,5,4.7,-0.3,4.9
Longstaff,NEW,MID,686,1,1,3,2.9,26,1,4.5,0,0
Lookman,EVE,MID,600,0,3,1,1.6,34,0,4.9,-0.6,0.1
Lovren,LIV,DEF,986,1,1,6,4.8,63,9,4.9,-0.1,1.5
Lowton,BUR,DEF,1748,0,0,4,1.6,34,1,4.6,-0.4,0.2
Lucas,WHU,FWD,465,3,0,0,2.2,33,5,6.2,-0.3,0.1
Lucas Moura,TOT,MID,2115,10,2,14,4.1,131,8,6.9,-0.1,11.9
Lukaku,MUN,FWD,2126,12,1,4,3.6,115,14,10.7,-0.3,3.9
L�ssl,HUD,GKP,2777,0,1,5,3.2,99,9,4.4,-0.1,1.5
L�we,HUD,DEF,2052,0,4,1,1.7,49,6,4.4,-0.1,0.1
Maddison,LEI,MID,2831,7,7,8,3.8,137,12,6.6,0.1,5.2
Madine,CAR,FWD,32,0,0,0,1,5,0,4.4,-0.1,0.9
Maguire,LEI,DEF,2596,3,1,6,3,92,10,5.4,-0.1,8.3
Mahrez,MCI,MID,1331,7,4,4,3.8,102,14,8.2,-0.8,1.7
Maitland-Niles,ARS,MID,983,1,1,2,2.1,34,3,4.4,-0.1,0.4
Malone,HUD,DEF,0,0,0,0,0,0,0,4,0,1.1
Manquillo,NEW,DEF,1098,0,3,4,2.9,53,5,4.3,-0.2,0.3
Man�,LIV,MID,3076,22,3,19,6.4,231,24,10.3,0.8,38.6
March,BHA,MID,2459,1,6,6,2.7,94,5,4.7,-0.3,0.7
Mariappa,WAT,DEF,1924,0,0,5,2.2,57,2,4.2,-0.3,0.6
Markovic,FUL,MID,45,0,0,0,1,1,0,4.7,-0.3,0
Marsh,TOT,MID,0,0,0,0,0,0,0,4.5,0,0
Martial,MUN,MID,1613,10,4,5,4.5,122,13,7.2,-0.3,3.4
Martina,EVE,DEF,0,0,0,0,0,0,0,4.5,0,0
Mart�nez,ARS,GKP,0,0,0,0,0,0,0,4,0,0.2
Masina,WAT,DEF,1002,0,1,2,1.9,26,1,4.3,-0.2,0.1
Masuaku,WHU,MID,1757,0,2,4,2.1,49,0,4.2,-0.3,1.5
Mata,MUN,MID,1284,3,4,5,3.2,70,7,6.1,-0.4,1.2
Matic,MUN,MID,2437,1,0,6,2.1,59,2,5,0,0.7
Matip,LIV,DEF,1535,1,0,9,3.8,83,7,4.9,-0.1,1.1
Mavropanos,ARS,DEF,147,0,0,0,0.8,3,0,4.7,-0.3,0.1
Mawson,FUL,DEF,1130,0,0,1,1.3,19,2,4.7,-0.3,0.1
Mbemba,NEW,DEF,0,0,0,0,0,0,0,4,0,0.1
Mbenza,HUD,MID,977,1,1,0,1.7,38,0,5.9,-0.1,0
McArthur,CRY,MID,3057,3,7,11,3.2,121,7,4.9,-0.1,3.4
McCarthy,EVE,MID,14,0,0,0,1,1,0,4.4,-0.1,0
McCarthy,SOU,GKP,2250,0,0,4,2.9,73,6,4.3,-0.2,2
McDonald,FUL,MID,837,0,0,0,1.1,17,0,4.2,-0.3,0.2
McNeil,BUR,MID,1590,3,4,5,3.6,75,6,4.4,-0.1,0.8
McQueen,SOU,DEF,0,0,0,0,0,0,0,4,0,0.4
McTominay,MUN,MID,862,2,0,1,2.4,38,4,4.2,-0.3,1.2
Medley,ARS,DEF,0,0,0,0,0,0,0,4,0,0.1
Mee,BUR,DEF,3420,0,2,8,2.1,81,5,4.6,-0.4,1.6
Mendez-Laing,CAR,MID,978,4,1,4,3.1,63,6,4.8,-0.2,0
Mendy,LEI,MID,2085,0,1,7,1.9,58,0,4.3,-0.2,0.9
Mendy,MCI,DEF,900,0,6,4,5.9,59,6,6.1,0.1,5.9
Mepham,BOU,DEF,848,0,1,2,2.1,27,0,4.5,0,0.1
Merino,NEW,MID,0,0,0,0,0,0,0,5,0,0
Meyer,CRY,MID,1405,1,3,6,2.1,60,0,5.5,-0.5,0.2
Mignolet,LIV,GKP,0,0,0,0,0,0,0,4.7,-0.3,0.1
Milivojevic,CRY,MID,3420,12,2,12,4.4,166,24,6.5,0,10.6
Milner,LIV,MID,1778,5,5,9,3.3,101,12,5.6,0.1,2.5
Mina,EVE,DEF,891,1,0,3,2.8,36,2,5.4,-0.1,0.5
Mings,BOU,DEF,141,0,0,0,1,5,0,4.2,-0.3,0.1
Mir,WOL,FWD,0,0,0,0,0,0,0,4.5,0,0
Mirallas,EVE,MID,0,0,0,0,0,0,0,5.5,0,0
Miranda,WOL,DEF,0,0,0,0,0,0,0,4,0,0
Mitrovic,FUL,FWD,3280,11,4,5,3.6,134,12,6.3,-0.2,10.8
Mkhitaryan,ARS,MID,1637,6,4,3,3.9,98,12,6.6,-0.4,4.6
Molumby,BHA,MID,0,0,0,0,0,0,0,4.5,0,0
Monreal,ARS,DEF,1860,1,4,5,3.5,77,7,5.4,-0.1,1.3
Montoya,BHA,DEF,2166,0,1,3,1.8,45,1,4.3,-0.2,0.2
Mooy,HUD,MID,2326,3,1,3,2.6,76,5,5,-0.5,1
Morata,CHE,FWD,936,5,0,6,2.9,46,3,8.4,-0.6,1.3
Moreno,LIV,DEF,154,0,0,0,2,4,0,4.1,-0.4,0.2
Morgan,LEI,DEF,1924,3,0,6,3.5,76,7,4.5,0,1.6
Morrison,CAR,DEF,3039,1,4,9,2.9,97,5,4.7,-0.3,0.4
Moses,CHE,DEF,26,0,0,0,1,2,0,5.5,-0.5,1.2
Mounie,HUD,FWD,1767,2,4,5,2.2,69,4,5.8,-0.2,0.2
Mousset,BOU,FWD,350,1,0,0,1.2,28,0,4.9,-0.1,0.2
Moutinho,WOL,MID,3030,1,8,9,3.1,119,13,5.1,-0.4,5.1
Muric,MCI,GKP,0,0,0,0,0,0,0,4.5,0,0
Murphy,CAR,MID,1810,3,2,7,2.6,76,3,4.8,-0.2,0.2
Murphy,NEW,MID,296,0,1,1,1.8,16,0,4.7,-0.3,0
Murray,BHA,FWD,2501,13,1,4,3.4,129,16,6.1,-0.4,2.8
Mustafi,ARS,DEF,2611,2,0,6,2.6,80,5,5.4,-0.1,1.3
Muto,NEW,FWD,514,1,0,1,1.4,24,0,5.6,-0.4,0.1
Nasri,WHU,MID,243,0,2,1,2.8,14,0,4.9,-0.6,0.2
Navarro,WAT,DEF,84,0,0,0,1,2,0,4.2,-0.3,0
Ndidi,LEI,MID,3295,2,0,9,2.3,89,4,4.9,-0.1,0.8
Nelson,ARS,MID,0,0,0,0,0,0,0,4.4,-0.1,0.4
Neves,WOL,MID,3006,4,3,8,3,104,7,4.9,-0.1,10.4
Niasse,CAR,FWD,988,0,0,5,1.7,30,0,5,-0.5,0.4
Nketiah,ARS,FWD,63,1,0,0,2,10,1,5,0,0
Nkoudou,TOT,MID,4,0,1,0,4,4,0,4.8,-0.2,0
Noble,WHU,MID,2289,5,5,7,3.2,99,5,4.8,-0.2,0.5
Nordtveit,FUL,DEF,361,0,1,0,1.6,8,0,4.5,0,0
Norris,WOL,GKP,1,0,0,0,1,1,0,3.9,-0.1,2.3
Obafemi,SOU,FWD,134,1,1,0,2.2,13,0,5,0,0
Obiang,WHU,MID,1116,0,2,2,1.8,43,1,4.2,-0.3,0.8
Odoi,FUL,DEF,2593,0,1,3,1.4,44,2,4.4,-0.1,0.1
Ofoborh,BOU,MID,0,0,0,0,0,0,0,4.5,0,0
Ogbonna,WHU,DEF,1871,1,1,2,2,48,2,4.2,-0.3,0.8
Okaka,WAT,FWD,22,0,0,0,0.5,1,0,5,0,0.1
Okazaki,LEI,FWD,269,0,1,0,1.2,25,0,5.1,-0.4,0.5
Origi,LIV,FWD,364,3,1,3,2.7,32,1,5,0,0.3
Oriol Romeu,SOU,MID,2131,1,0,6,1.8,55,3,4.2,-0.3,2.2
Otamendi,MCI,DEF,1233,0,0,9,3.9,70,5,6,-0.5,2.6
Oxford,WHU,DEF,0,0,0,0,0,0,0,4.2,-0.3,0.1
Paterson,CAR,MID,1993,4,2,5,3,80,4,4.8,-0.7,0.3
Patr�cio,WOL,GKP,3330,0,0,8,3.2,118,4,4.5,0,8
Pedro,CHE,MID,1768,8,2,7,3.6,112,12,6.2,-0.3,3.3
Peltier,CAR,DEF,1542,0,0,5,2.1,43,1,3.9,-0.1,4
Pereira,LEI,DEF,3123,2,8,10,4.2,146,22,5.3,0.3,10.6
Pereira,MUN,MID,590,1,1,1,1.8,27,2,4.5,-0.5,0.3
Pereyra,WAT,MID,2817,6,4,6,3.7,122,13,5.9,-0.1,8
Perri,CRY,GKP,0,0,0,0,0,0,0,4,0,0
Pe�aranda,WAT,FWD,0,0,0,0,0,0,0,5,0,0
Pickford,EVE,GKP,3420,0,0,14,4.2,161,13,4.9,-0.1,13.3
Pilkington,CAR,MID,0,0,0,0,0,0,0,4.4,-0.1,0.1
Pogba,MUN,MID,3007,13,10,8,5.1,179,19,8.6,0.6,33.7
Pope,BUR,GKP,0,0,0,0,0,0,0,4.8,-0.2,0.2
Powell,WHU,MID,0,0,0,0,0,0,0,4.5,0,0
Pritchard,HUD,MID,2079,2,0,7,2.3,69,2,4.8,-0.2,0.1
Pr�dl,WAT,DEF,13,0,0,0,1,1,0,4.2,-0.3,0.1
Pr�pper,BHA,MID,2546,1,1,4,2.4,72,3,4.8,-0.2,0.2
Pugh,BOU,MID,0,0,0,0,0,0,0,4.3,-0.2,0.3
Puncheon,HUD,MID,392,0,0,1,1.4,15,0,4.1,-0.4,1
P�rez,NEW,FWD,2916,12,2,11,3.8,141,19,6.1,-0.4,3.4
Quaner,HUD,FWD,37,0,0,0,1,2,0,4.3,-0.2,3.5
Quina,WAT,MID,334,1,0,0,2.1,17,2,4.4,-0.1,0.1
Ralls,CAR,MID,1954,0,0,5,1.6,45,0,4.6,-0.4,0.1
Ramsay,SOU,DEF,90,0,0,0,1,1,0,4,0,0
Ramsey,ARS,MID,1319,4,6,9,3.3,91,4,7.1,-0.4,0.9
Rashford,MUN,FWD,2331,10,7,6,3.9,128,14,7.3,0.3,21.9
Ream,FUL,DEF,2046,0,0,5,1.9,50,4,4.2,-0.3,0.3
Redmond,SOU,MID,3272,6,5,9,3.6,137,12,5.5,0,6.9
Reid,CAR,FWD,1413,5,3,4,3,80,9,5.2,-0.3,0.9
Reid,WHU,DEF,0,0,0,0,0,0,0,4.4,-0.1,0
Rice,WHU,DEF,3003,2,0,6,2.7,92,9,4.4,-0.1,4.2
Richarlison,EVE,MID,2662,13,3,11,4.4,153,12,6.4,-0.1,13.3
Rico,BOU,DEF,606,0,0,0,0.7,8,0,4.1,-0.4,0
Rico,FUL,GKP,2610,0,0,5,3,86,8,4.4,-0.1,0.7
Riedewald,CRY,DEF,0,0,0,0,0,0,0,4.3,-0.2,0
Ritchie,NEW,MID,2927,2,8,10,3.1,110,7,5.8,-0.2,0.6
Roberts,NEW,MID,0,0,0,0,0,0,0,4.5,0,0
Robertson,LIV,DEF,3216,0,12,21,5.9,213,29,6.7,0.7,33
Rojo,MUN,DEF,209,0,0,0,0.4,2,0,4.9,-0.1,0.1
Romero,MUN,GKP,0,0,0,0,0,0,0,4.9,-0.1,0.1
Rond�n,NEW,FWD,2601,11,8,9,4.6,148,20,5.9,-0.1,7.7
Rose,TOT,DEF,1792,0,4,8,3.3,86,5,5.8,-0.2,1.1
Rowe,HUD,MID,68,0,0,0,1,2,0,4.5,0,0
Ruddy,WOL,GKP,90,0,0,1,7,7,0,4.2,-0.3,0.2
Ryan,BHA,GKP,3060,0,0,6,3.1,104,11,4.4,-0.1,4.9
R�diger,CHE,DEF,2871,1,2,12,3.5,116,9,5.9,-0.1,2.9
Sabiri,HUD,MID,48,0,0,0,1,2,0,4.3,-0.2,0
Saka,ARS,MID,7,0,0,0,1,1,0,4.5,0,0
Sakho,CRY,DEF,2416,0,0,9,3.3,88,13,4.9,-0.1,1.2
Sako,CRY,MID,26,0,0,0,1,4,0,4.9,-0.1,0
Salah,LIV,MID,3254,22,12,21,6.8,259,18,13.2,0.2,33.9
Sanders,BHA,MID,0,0,0,0,0,0,0,4.5,0,0
Sandler,MCI,DEF,0,0,0,0,0,0,0,4,0,0
Sandro,EVE,FWD,0,0,0,0,0,0,0,5.4,-0.1,0.1
San�,MCI,MID,1857,10,12,9,5,156,13,9.3,-0.2,7.3
Sa�ss,WOL,DEF,1142,2,0,3,2.5,47,5,4.2,-0.3,0.4
Schelotto,BHA,DEF,0,0,0,0,0,0,0,3.8,-0.2,1.9
Schindler,HUD,DEF,3260,1,1,5,2.1,76,7,4.2,-0.3,2
Schlupp,CRY,DEF,1660,4,3,4,3,91,3,4.3,-0.2,2.5
Schmeichel,LEI,GKP,3420,0,0,10,3.2,120,6,5,0,4.7
Schneiderlin,EVE,MID,832,0,1,5,2,28,0,4.2,-0.3,1.8
Schofield,HUD,GKP,0,0,0,0,0,0,0,4,0,0.1
Sch�r,NEW,DEF,2000,4,1,7,3.9,93,9,4.5,-0.5,1.3
Sch�rrle,FUL,MID,1638,6,0,2,3.1,75,2,5.5,-0.5,2.1
Sema,WAT,MID,747,1,2,3,2.2,37,1,4.6,-0.4,0.1
Seri,FUL,MID,2239,1,3,3,2.3,72,6,4.9,-0.6,1.3
Sessegnon,FUL,MID,2291,2,7,3,2.7,94,3,6,-0.5,1.9
Shaqiri,LIV,MID,1052,6,5,7,3.7,88,4,6.8,-0.7,2.1
Shaw,MUN,DEF,2591,1,5,6,3.1,91,11,5.1,0.1,8.1
Shelvey,NEW,MID,943,1,1,5,2.4,39,2,5.3,-0.2,0.3
Sigurdsson,EVE,MID,3122,13,6,15,4.8,182,20,7.4,-0.1,8.3
Silva,LEI,MID,87,0,0,0,1.5,3,0,4.7,-0.3,0.1
Simpson,BOU,DEF,401,0,0,1,1.7,10,0,3.9,-0.1,6.1
Simpson,LEI,DEF,289,0,0,1,2,12,0,4.2,-0.3,0.2
Sims,SOU,MID,208,0,1,0,1.6,11,0,4.4,-0.1,0
Sinclair,WAT,FWD,0,0,0,0,0,0,0,4.4,-0.1,0.4
Sissoko,TOT,MID,2329,0,3,11,2.6,76,3,4.9,-0.1,0.3
Skipp,TOT,MID,214,0,0,2,1.5,12,0,4.5,0,0
Slattery,SOU,MID,110,0,0,0,1.3,4,0,4.5,0,0
Smalling,MUN,DEF,2127,1,0,4,2.3,56,3,5.6,-0.4,1.4
Smith,HUD,DEF,1141,0,0,1,0.6,9,0,4.4,-0.1,0.1
Smith-Rowe,ARS,MID,0,0,0,0,0,0,0,4.5,0,0
Smithies,CAR,GKP,0,0,0,0,0,0,0,4.2,-0.3,0.1
Snodgrass,WHU,MID,2215,2,5,5,2.6,85,9,5,-0.5,0.9
Sobhi,HUD,MID,75,0,0,0,1,4,0,4.7,-0.3,0.1
Sokratis,ARS,DEF,2198,1,2,5,2.6,64,4,5.1,-0.4,1.2
Solanke,BOU,FWD,340,0,1,0,1.5,15,0,4.7,-0.3,0.4
Son,TOT,MID,2033,12,8,10,5.1,159,17,8.6,0.1,10.6
Souar�,CRY,DEF,1,0,0,0,1,1,0,4.2,-0.3,0.1
Speroni,CRY,GKP,90,0,0,0,1,1,0,3.9,-0.1,10.1
Stanislas,BOU,MID,1021,2,3,2,2.4,56,3,6,0,0.1
Stankovic,HUD,DEF,715,1,0,2,2.2,24,2,3.9,-0.1,2.9
Steele,BHA,GKP,0,0,0,0,0,0,0,3.9,-0.1,1.3
Stekelenburg,EVE,GKP,0,0,0,0,0,0,0,3.9,-0.1,3.4
Stephens,BHA,MID,2484,1,1,5,2.2,65,4,4.3,-0.2,3
Stephens,SOU,DEF,1697,1,0,3,2,47,4,4.2,-0.3,0.3
Sterling,MCI,MID,2770,17,15,17,6.9,234,25,11.7,0.7,24.8
Sterling,TOT,FWD,0,0,0,0,0,0,0,4.5,0,0
Sterry,NEW,DEF,0,0,0,0,0,0,0,4,0,0.1
Steve Cook,BOU,DEF,2786,1,1,9,2.7,85,6,4.3,-0.2,4.2
Steven Sessegnon,FUL,DEF,0,0,0,0,0,0,0,4,0,0.1
Stones,MCI,DEF,1761,0,0,9,3.5,83,9,5.2,-0.3,4.6
Sturridge,LIV,FWD,498,2,1,2,1.9,34,2,5.6,-0.4,1
Success,WAT,FWD,1033,1,1,2,1.4,42,0,4.5,0,2.4
Surman,BOU,MID,1438,0,0,4,2,36,0,4.6,-0.4,0.1
Surridge,BOU,FWD,11,0,0,0,1,2,0,4.5,0,0.1
Suttner,BHA,DEF,0,0,0,0,0,0,0,3.8,-0.2,4.3
Su�rez,ARS,MID,67,0,0,0,1,4,0,5.7,-0.8,0.1
S�nchez,MUN,MID,869,1,5,2,2.4,47,1,10,-0.5,1.2
S�nchez,TOT,DEF,1941,1,2,6,3.4,78,4,5.8,-0.2,1.6
S�rloth,CRY,FWD,173,0,0,0,1,12,0,4.8,-0.2,0.1
S�y�nc�,LEI,DEF,371,0,0,0,1.5,9,0,4.8,-0.2,0
Targett,SOU,DEF,1185,1,3,0,2.3,36,3,4.2,-0.3,0.1
Tarkowski,BUR,DEF,3086,3,2,7,2.8,97,7,4.7,-0.3,4.2
Tavares,CRY,DEF,0,0,0,0,0,0,0,4,0,0
Taylor,BOU,MID,0,0,0,0,0,0,0,4.5,0,0
Taylor,BUR,DEF,3240,0,1,7,2.2,82,2,4.4,-0.1,0.5
Tielemans,LEI,MID,1087,3,5,3,4.8,63,6,6,0,1.7
Tomkins,CRY,DEF,2561,1,1,10,3,86,0,4.3,-0.2,2.3
Torreira,ARS,MID,2377,2,4,5,2.3,78,6,4.7,-0.3,2.6
Tosun,EVE,FWD,1044,3,3,1,2.2,56,3,6.4,-0.6,1.5
Townsend,CRY,MID,3007,6,5,11,3.6,135,8,5.6,-0.4,3.5
Traor�,WOL,MID,884,1,1,1,1.5,44,2,5.1,-0.4,0.3
Travers,BOU,GKP,180,0,0,1,4.5,9,1,4,0,0.3
Trippier,TOT,DEF,2275,1,5,10,4.4,118,16,6,0,15.2
Tupper,CRY,GKP,0,0,0,0,0,0,0,4,0,0
Valencia,MUN,DEF,466,0,0,2,2.8,17,1,6.4,-0.1,0.7
Valery,SOU,DEF,1709,2,1,3,2.3,54,0,4.1,0.1,4.1
van Aanholt,CRY,DEF,3196,3,2,12,3.9,140,17,5.5,0,5.7
van Dijk,LIV,DEF,3384,4,4,20,5.5,208,22,6.7,0.7,32.3
van La Parra,HUD,MID,405,0,0,1,2,10,0,4.6,-0.4,0
Vardy,LEI,FWD,2726,18,5,11,5.1,174,31,9,0,10.3
Vertonghen,TOT,DEF,1911,1,0,6,3,67,7,5.9,-0.1,4
Vestergaard,SOU,DEF,2027,0,0,4,2.2,50,0,4.6,-0.4,0.2
Vietto,FUL,FWD,980,1,4,1,2.4,47,4,5.3,-0.2,0.4
Vinagre,WOL,DEF,703,0,0,1,1.4,24,0,4.3,-0.2,0.1
Vlasic,EVE,MID,0,0,0,0,0,0,0,5,0,0
Vokes,BUR,FWD,907,3,0,2,2.4,48,7,5.3,-0.2,0.6
Vorm,TOT,GKP,180,0,0,0,2.5,5,1,4.7,-0.3,0.1
Vydra,BUR,FWD,310,1,1,0,1.6,21,0,5.6,-0.4,0
Walcott,EVE,MID,2108,5,3,6,2.7,101,4,5.9,-0.6,2.5
Walker,MCI,DEF,2776,1,1,18,4.5,150,11,6.4,-0.1,12.1
Walker-Peters,TOT,DEF,374,0,3,2,4.7,28,4,4.2,-0.3,0.7
Walters,BUR,MID,0,0,0,0,0,0,0,4.7,-0.3,0
Wan-Bissaka,CRY,DEF,3134,0,3,12,3.4,120,18,4.6,0.6,26.3
Wanyama,TOT,MID,511,1,0,3,1.8,24,2,4.9,-0.1,0.1
Ward,BUR,DEF,228,0,0,1,2.3,7,0,4.7,-0.3,0.5
Ward,CAR,MID,435,1,0,0,1.6,22,0,4.3,-0.2,0.2
Ward,CRY,DEF,551,1,0,0,1.9,13,0,4.3,-0.2,0.2
Ward,LEI,GKP,0,0,0,0,0,0,0,4.3,-0.2,0.1
Ward-Prowse,SOU,MID,1940,7,0,3,3.6,94,15,5.1,-0.4,3.7
Watts,NEW,MID,0,0,0,0,0,0,0,4.5,0,0
Welbeck,ARS,FWD,146,1,1,0,2.4,19,3,6.4,-0.1,0.4
Wells,BUR,FWD,0,0,0,0,0,0,0,4.5,0,0.8
Westwood,BUR,MID,2821,2,8,7,3.3,111,10,4.6,0.1,3.1
White,BHA,DEF,0,0,0,0,0,0,0,4,0,0
Whiteman,TOT,GKP,0,0,0,0,0,0,0,4,0,0.2
Wickham,CRY,FWD,61,0,1,0,1.5,9,0,4.9,-0.1,0.1
Wijnaldum,LIV,MID,2723,3,1,18,3.1,108,9,5.5,0,1.4
Williams,EVE,DEF,0,0,0,0,0,0,0,4.5,0,0
Williams,HUD,MID,94,0,0,1,1.2,6,0,4.5,0,0
Willian,CHE,MID,2091,3,7,11,3.4,108,6,7.1,-0.4,3.8
Willock,ARS,MID,63,0,0,1,2,4,0,4.5,0,0
Wilmot,WAT,DEF,26,0,0,0,0.5,1,0,4,0,0.1
Wilshere,WHU,MID,388,0,2,1,2.1,17,0,4.8,-0.2,0.8
Wilson,BOU,FWD,2528,14,12,9,5.6,168,22,6.9,0.9,20.3
Winks,TOT,MID,1589,1,0,6,2,53,3,5.5,0,0.1
Wood,BUR,FWD,2580,10,3,7,3.4,131,17,6.3,-0.2,1.4
Woodman,NEW,GKP,0,0,0,0,0,0,0,4,0,0.2
Woods,CRY,DEF,0,0,0,0,0,0,0,4,0,0
Xande Silva,WHU,FWD,17,0,0,0,1,1,0,4.5,0,0.2
Xhaka,ARS,MID,2498,4,3,7,3.1,90,8,5.2,-0.3,2.3
Yarmolenko,WHU,MID,456,2,1,1,3,27,2,6.7,-0.3,0.5
Yedlin,NEW,DEF,2472,1,2,5,2.2,63,1,4.5,0,0.9
Yoshida,SOU,DEF,1518,0,1,3,2.6,44,4,4.1,-0.4,1.1
Young,MUN,DEF,2568,2,3,4,2.4,73,4,5.7,-0.3,1.7
Zabaleta,WHU,DEF,2089,0,1,4,2.2,56,4,4.3,-0.2,1.7
Zaha,CRY,FWD,3037,10,11,11,4.2,143,13,7,0,15.6
Zambo Anguissa,FUL,MID,1512,0,0,3,1.7,37,0,4.4,-0.1,0.1
Zanka,HUD,DEF,2147,3,1,3,2.8,67,4,4.4,-0.1,2.3
Zappacosta,CHE,DEF,125,0,0,1,2.3,9,0,5,-0.5,0.1
Zeegelaar,WAT,DEF,0,0,0,0,0,0,0,4.2,-0.3,0
Zinchenko,MCI,MID,1151,0,3,9,3.1,44,1,4.7,-0.3,0.2
Zohore,CAR,FWD,741,1,1,2,1.7,33,2,4.6,-0.4,0.5
Zouma,EVE,DEF,2613,2,2,10,3.5,112,12,5,0,1
�zil,ARS,MID,1732,5,3,5,3.7,89,9,7.9,-0.6,2.6
